store,predictions,worst_scenario,best_scenario,MAE,MAPE
1,167892.7,167581.82706925675,168203.57918074325,310.87605574324255,0.0709681039257945
2,181352.28,180921.9214724979,181782.6410275021,430.3597775021116,0.08691875836471012
3,266263.3,265617.78089368663,266908.84410631337,645.5316063133452,0.08883565805376784
4,341417.56,340521.2463972762,342313.8786027238,896.3161027238174,0.08566763281771686
5,171884.66,171507.2442527977,172262.0682472023,377.4119972022805,0.08445425312950214
6,187011.84,186429.84867900127,187593.83882099873,581.995070998733,0.1344641061807607
7,335501.72,334569.7536819046,336433.6838180954,931.9650680954394,0.09313758617127002
8,204996.05,204119.6569428315,205872.4368071685,876.3899321684972,0.12396886124064578
9,266105.88,265498.66800834035,266713.08199165965,607.206991659629,0.08098243767040185
10,203484.55,202790.93243243243,204178.16131756757,693.6144425675674,0.1186200062493942
11,282763.6,282154.8875633446,283372.2999366554,608.7061866554052,0.08397830283916617
12,277592.44,276901.68724926095,278283.18775073905,690.7502507390203,0.08662000462615518
13,185218.72,184421.08086993243,186016.35663006757,797.6378800675682,0.14490389640468318
14,200390.78,199842.03705658784,200939.52544341216,548.7441934121612,0.10255910968329769
15,258858.08,258308.85635293496,259407.29989706504,549.2217720650334,0.07994735797137138
16,279398.88,278653.65168391046,280144.09831608954,745.223316089527,0.09062158353497275
17,231898.06,231304.47456318623,232491.65043681377,593.5879368137666,0.11465336421691
18,251376.98,250751.70779666386,252002.26095333614,625.2765783361482,0.09060255462022124
19,238715.42,238220.56114073057,239210.28260926943,494.8607342694257,0.07663338855324803
20,296675.6,295438.7530484586,297912.4344515414,1236.8407015413852,0.1540211561376922
21,201948.19,201297.10548194678,202599.26951805322,651.0820180532104,0.09959233120088111
22,174084.67,173649.870526288,174519.473223712,434.80134871199346,0.08979952070359835
23,210779.11,210284.9832268792,211273.2355231208,494.12614812077663,0.09381750976013034
24,355063.53,354147.30080764357,355979.76169235643,916.2304423564185,0.09181612898818192
25,385262.62,384185.04930320947,386340.20069679053,1077.5756967905406,0.10183467717765496
26,248563.62,247991.42491026182,249135.82508973818,572.2000897381761,0.08291031354712623
27,366264.34,365164.21281144425,367364.47468855575,1100.1309385557422,0.11557568313715468
28,171859.8,171345.51308461782,172374.08066538218,514.2837903821787,0.14956020815284035
29,280294.44,279502.4119510135,281086.4630489865,792.0255489864861,0.09747322821904388
30,172493.27,171785.0580130912,173201.4732369088,708.2076119087837,0.1847590705287222
31,221239.19,220826.69676414697,221651.67823585303,412.4907358530413,0.07151191103935509
32,151318.0,150897.08698664483,151738.91301335517,420.9130133551523,0.10086825304564884
33,305256.25,304461.5087758657,306050.9912241343,794.7412241342885,0.09857363241406038
34,295278.38,294680.9132706926,295875.8367293074,597.4617293074344,0.07029457456590023
35,403055.62,401710.49044552364,404400.75955447636,1345.1345544763503,0.11707564845416324
36,344923.75,343925.76558540965,345921.73441459035,997.984414590371,0.09735296752287374
37,241307.19,240805.47608741553,241808.89891258447,501.7114125844582,0.07746789555027528
38,214992.02,214335.4080315667,215648.6232184333,656.607593433277,0.0999818364056817
39,185742.02,185257.9717984586,186226.0594515414,484.04382654138374,0.1178356606979879
40,171738.88,171151.3255912162,172326.4244087838,587.5494087837828,0.13288390574375628
41,232041.11,231289.16047297296,232793.05827702704,751.9489020270269,0.1362478120960018
42,364325.88,363408.7686734586,365242.9813265414,917.1063265413845,0.08621209526967946
43,243013.22,242281.5415566934,243744.8959433066,731.6771933065883,0.1262493719063324
44,201105.61,200677.77226298564,201533.44648701436,427.83711201435744,0.09881213595896558
45,194369.38,193829.19500897382,194909.55499102618,540.1799910261826,0.09728054062678318
46,195509.6,194830.10048036318,196189.08701963682,679.4932696368248,0.12922165645689018
47,280597.84,279912.82844172296,281282.85905827704,685.015308277027,0.09383088758381726
48,147364.89,146761.5450406461,147968.2362093539,603.3455843538856,0.1788713002401558
49,269783.94,269143.98946896114,270423.88553103886,639.9480310388507,0.0820456847312674
50,161459.33,161050.8810045397,161867.7752454603,408.44712046030355,0.08966189413404665
51,256486.83,255649.20237278295,257324.45387721705,837.6257522170602,0.11666222221754943
52,258525.69,257907.4564505912,259143.9185494088,618.2310494087836,0.09609173608786219
53,199880.58,199551.49239864864,200209.66385135136,329.0857263513507,0.07062671106393259
54,289044.44,288479.33711201436,289609.53788798564,565.1003879856422,0.07606594395206963
55,176935.3,176440.9735008446,177429.6202491554,494.3233741554049,0.1043290049185965
56,281219.56,280337.28867979307,282101.83632020693,882.2738202069249,0.10434757979190483
57,322282.8,321420.8103753167,323144.8146246833,862.0021246832766,0.10836843026191555
58,245411.56,244395.8634132179,246427.2615867821,1015.6990867820938,0.1341779264805959
59,204162.14,203499.60222893793,204824.67902106207,662.5383960620779,0.1600875079091691
60,288817.28,287257.34912109375,290377.21337890625,1559.9321289062505,0.17860341318829465
61,187053.61,186356.1333535684,187751.0853964316,697.4760214315875,0.12047864689097201
62,236157.83,235589.3902158995,236726.2660341005,568.4379091005055,0.09775519382887743
63,252029.52,251170.3942541174,252888.6369958826,859.1213708826017,0.11027492045798293
64,419284.2,418429.3900443412,420138.9849556588,854.7974556587826,0.0755443033043388
65,199845.0,199396.5652845228,200293.4347154772,448.43471547719594,0.10548547837921318
66,229285.05,228702.52962679477,229867.56412320523,582.5172482052367,0.0923695298081626
67,287992.25,287241.59256228886,288742.90743771114,750.6574377111492,0.08939477134315006
68,276930.2,275784.3352644637,278076.0397355363,1145.852235536318,0.1366664495780643
69,333483.0,332664.9389252534,334301.0610747466,818.0610747466212,0.09202868244963637
70,250888.27,250421.89527027027,251354.63597972973,466.3703547297299,0.07551375492261855
71,343982.7,343124.4762985642,344840.8987014358,858.2112014358114,0.09975531751576723
72,158352.78,157812.38820998734,158893.17429001266,540.3930400126686,0.11102791221864679
73,177290.08,176875.9506242082,177704.2056257918,414.12750079180853,0.10455488300312527
74,240014.1,239248.43075644004,240779.75674355996,765.6629935599655,0.13864918730939885
75,231214.33,230682.78440403295,231745.87184596705,531.5437209670605,0.08131929704843575
76,339654.06,338845.2730283995,340462.8519716005,808.7894716005063,0.09305678297366982
77,282996.62,282267.85383234796,283725.39616765204,728.7711676520274,0.088569870589133
78,144495.27,144177.73651947847,144812.79473052153,317.52910552153713,0.08999131989444678
79,199774.39,199213.17832823057,200335.60292176943,561.2122967694253,0.09248797740309841
80,287897.16,287239.66667546454,288554.64582453546,657.4895745354744,0.08481766867726555
81,259540.84,258708.05252322636,260373.63497677364,832.7912267736483,0.10564067906430889
82,348432.6,347653.88681112754,349211.30068887246,778.7069388724661,0.08387259662616912
83,155096.5,154453.63606550888,155739.36393449112,642.8639344911323,0.18037585795865482
84,436055.53,434632.7540382179,437478.3084617821,1422.7772117820928,0.10974034985990173
85,318267.1,317720.5156363554,318813.6718636446,546.5781136446221,0.07356334795830735
86,183595.52,182880.6848870355,184310.3463629645,714.8307379645261,0.16711749666143424
87,220293.5,219813.87852354307,220773.12147645693,479.62147645692636,0.08096139087662929
88,212431.36,211645.9349992082,213216.7837507918,785.424375791807,0.1636108079685877
89,236009.77,235462.71270586993,236556.81854413007,547.0529191300676,0.09337931744127038
90,289320.8,288465.99555268156,290175.62944731844,854.8169473184117,0.10573789958222188
91,194529.98,193867.98319388725,195191.98555611275,662.0011811127533,0.15991365655932335
92,218434.97,217867.19535209038,219002.74214790962,567.7733979096295,0.08544807738435146
93,232906.67,232206.47607421875,233606.86767578125,700.195800781249,0.13419097221363202
94,266861.47,266337.5900153083,267385.3474846917,523.878734691723,0.06802778818486359
95,261423.03,260925.3587151605,261920.7037848395,497.67253483952646,0.07941849211735101
96,185889.28,185250.07776208827,186528.48473791173,639.20348791174,0.14142168604144928
97,266033.78,265331.92906725087,266735.63343274913,701.852182749156,0.11255381551235355
98,206589.47,206123.3039880701,207055.6335119299,466.1647619298992,0.07852247905107937
99,200244.14,199707.8676229941,200780.4136270059,536.2730020059128,0.09507824866031526
100,304317.7,303577.69774070947,305057.67725929053,739.9897592905409,0.09233293615794906
101,276757.5,276063.7073743666,277451.2926256334,693.7926256334457,0.08873067571048925
102,266601.8,265709.6686021959,267493.9563978041,892.1438978040543,0.1335853922439562
103,216616.75,215461.2892076647,217772.2107923353,1155.460792335304,0.2465758563200381
104,369994.22,368888.997479413,371099.440020587,1105.221270586992,0.10154433149160796
105,183436.72,182948.47130357896,183924.96619642104,488.2474464210295,0.09664976073286335
106,299856.06,298812.3095703125,300899.8154296875,1043.7529296874998,0.1115698430260291
107,273264.66,272534.5675147804,273994.7449852196,730.0887352195944,0.09442315637657318
108,416540.2,415345.201990076,417735.173009924,1194.9855099239855,0.09367240796230508
109,237495.72,236959.59551836993,238031.84198163007,536.1232316300677,0.0780107209919832
110,186504.72,186049.24820523648,186960.18929476352,455.47054476351383,0.10479486154274596
111,246504.53,246011.6198532517,246997.4426467483,492.9113967483105,0.07127699475375474
112,220914.11,220157.78018105996,221670.43856894004,756.3291939400339,0.11729904952066449
113,243211.56,242295.52440086572,244127.60059913428,916.0380991342905,0.1645842142175061
114,202336.97,201833.83725717905,202840.10024282095,503.1314928209466,0.10063403720798232
115,290037.06,289252.98640730575,290821.13859269425,784.0760926942571,0.09278296864692666
116,259901.61,259360.53706978462,260442.68168021538,541.0723052153726,0.0792760020497405
117,148977.27,148482.16599582983,149472.36525417017,495.09962917018584,0.15072516429302693
118,269483.2,268279.80730046454,270686.56769953546,1203.380199535473,0.12587213144650375
119,231531.06,231054.94189453125,232007.18310546875,476.12060546875017,0.08291445222672082
120,246359.8,245474.12288851352,247245.47086148648,885.6739864864867,0.12033562057327131
121,169362.3,168813.04042176943,169911.55332823057,549.2564532305745,0.15940408212820775
122,311157.16,310139.544501726,312174.767998274,1017.6117482739817,0.11967955291864003
123,284269.6,283391.5781381968,285147.6093618032,878.0156118032094,0.12860884214697105
124,172980.9,172306.40046320733,173655.41203679267,674.5057867926522,0.15401752562368345
125,389898.16,388327.54109480575,391468.77140519425,1570.615155194258,0.1265547173640823
126,221770.89,221021.03493190455,222520.74631809545,749.8556930954396,0.1568695774495736
127,204304.5,203600.5064400338,205008.4935599662,703.9935599662168,0.13401222175002686
128,293385.84,292535.895098712,294235.792401288,849.948651288006,0.09465951549930311
129,316724.9,315880.15122202283,317569.66127797717,844.7550279771949,0.10311249258230955
130,189271.17,188648.42435599663,189893.91939400337,622.7475190033781,0.12005471542920253
131,195096.81,194448.03000290328,195745.59499709672,648.7824970967059,0.13671397081094191
132,244022.2,242960.13780088682,245084.26844911318,1062.065324113175,0.1391091849130121
133,235767.19,235136.12716427364,236398.24783572636,631.0603357263508,0.1456584494641716
134,181042.56,180516.74383709882,181568.38116290118,525.8186629011816,0.11082517927620016
135,229323.66,228764.32188291807,229882.99061708193,559.3343670819269,0.09005005914192576
136,219341.31,218656.2739917652,220026.3510082348,685.0385082347977,0.12906150711283107
137,303519.72,302722.06718486064,304317.37031513936,797.6515651393595,0.11351602083640265
138,280113.72,279526.1286291174,280701.3088708826,587.5901208826012,0.10071241212548272
139,244196.64,243397.02087732265,244996.26037267735,799.6197476773643,0.1403116933269719
140,274301.62,273767.0673828125,274836.1826171875,534.5576171875009,0.06978548811345461
141,211486.17,210995.35802892735,211976.98572107265,490.81384607263533,0.09192905244602989
142,177124.39,176547.4211623733,177701.3600876267,576.9694626266892,0.12609126875308788
143,226942.58,226354.25201910894,227530.90423089106,588.326105891047,0.08967066415426639
144,306533.47,305579.32642261405,307487.61107738595,954.1423273859807,0.12174609868976176
145,290117.66,289548.47049197636,290686.84200802364,569.185758023649,0.072099884250118
146,313823.53,313125.8098738387,314521.2526261613,697.721376161318,0.08731197834923134
147,313199.78,312558.3516944679,313841.2108055321,641.429555532096,0.084375554383762
148,305779.0,304990.33550200594,306567.66449799406,788.6644979940875,0.09217766378706287
149,207865.98,207085.83138460727,208646.13736539273,780.152990392736,0.14686328609862312
150,307573.16,306856.90559016046,308289.40690983954,716.2506598395267,0.07848782412012925
151,254170.12,253632.34232474663,254707.90767525337,537.782675253379,0.0727686205925108
152,219786.9,219201.12589078335,220372.68660921665,585.7803592166389,0.12153349651785726
153,257966.0,256978.48273859796,258953.51726140204,987.5172614020277,0.16758907406072848
154,330664.84,329981.08292863175,331348.60457136825,683.7608213682452,0.0752169535271496
155,254363.34,253463.9393079603,255262.7481920397,899.4044420396964,0.13739240766465893
156,244601.22,243933.22121779984,245269.21628220016,667.9975322001694,0.14297982535414336
157,346437.44,345681.1459565034,347193.7290434966,756.2915434966228,0.0748829499764265
158,313290.78,312490.9115947002,314090.6509052998,799.8696552998304,0.0964961314314388
159,289481.97,288975.40270006337,289988.53479993663,506.566049936656,0.06444754865789257
160,220678.89,220221.78631756757,221135.99493243243,457.10430743243194,0.08382729971865084
161,273291.12,272570.24375791807,274012.00624208193,720.8812420819255,0.10043928785540196
162,283251.0,282476.9884528083,284025.0115471917,774.0115471917231,0.0892876982365776
163,262921.72,262029.14445206925,263814.29304793075,892.5742979307435,0.13231968625581192
164,222659.72,221821.68188476562,223497.75561523438,838.036865234375,0.12282552002260007
165,159906.64,159324.86974107896,160488.41150892104,581.7708839210308,0.14129120786202726
166,213232.06,212618.617754962,213845.507245038,613.4447450380064,0.1096512228958684
167,305568.56,304219.8850295608,306917.2399704392,1348.6774704391887,0.14592173414263918
168,282465.3,281932.7396801098,282997.8853198902,532.5728198902029,0.07003677606090133
169,239683.31,238939.92352459882,240426.70147540118,743.3889754011832,0.13915648525263571
170,210068.78,208498.0573268581,211639.5051731419,1570.7239231418919,0.38848606567952326
171,297115.84,296502.0538824958,297729.6336175042,613.7898675042228,0.07826138801736282
172,265305.62,264626.96907991974,265984.28092008026,678.6559200802358,0.09457858845644859
173,297656.12,297039.58510610217,298272.66489389783,616.5398938978033,0.07877953372825947
174,227018.12,225944.15295080235,228092.09704919765,1073.9720491976348,0.17251754915191814
175,225669.25,225175.3498997044,226163.1501002956,493.9001002956083,0.07944913076312642
176,199476.88,198920.78623178843,200032.96376821157,556.0887682115707,0.13566964164672876
177,147863.0,147400.5180070207,148325.4819929793,462.48199297930785,0.17027650813735276
178,339933.8,338809.79793074325,341057.82706925675,1124.0145692567567,0.10970625226676334
179,276877.75,276082.9719832137,277672.5280167863,794.7780167863177,0.11509442554472833
180,260147.66,259586.6374313767,260708.6750686233,561.0188186233114,0.0745120957369764
181,242569.12,241934.7067409206,243203.5432590794,634.418259079391,0.11758317750002713
182,201346.34,200838.4538376267,201854.2336623733,507.8899123733106,0.08619242641162524
183,171237.4,169974.52602854083,172500.28647145917,1262.8802214591735,0.16652217814647746
184,256585.28,255946.47958456504,257224.08291543496,638.801665434966,0.10868684818359856
185,252925.33,252205.67015941723,253644.98609058277,719.65796558277,0.11389221024434007
186,155371.05,154992.033770587,155750.059979413,379.01310441300666,0.09935849342774941
187,231820.56,231336.6474279455,232304.4775720545,483.9150720544749,0.0793792057150934
188,185803.22,185064.49042572847,186541.94707427153,738.7283242715365,0.12012901297817566
189,288446.2,287725.59132179053,289166.78367820947,720.5961782094591,0.08500472824919394
190,265430.8,264636.4021853885,266225.2228146115,794.4103146114869,0.09708017766542303
191,252912.9,252358.16667546454,253467.64582453546,554.739574535473,0.07893997971734015
192,385127.7,382302.4224556588,387952.9525443412,2825.2650443412167,0.20479098352537337
193,216683.1,215913.31353594805,217452.87396405195,769.7802140519418,0.1656384464270917
194,196785.94,196307.61619774072,197264.25880225928,478.3213022592898,0.09565979069586905
195,390581.75,389729.7924408784,391433.7075591216,851.9575591216222,0.07998331838050643
196,186666.06,186074.79859058277,187257.32640941723,591.2639094172297,0.11400353178565051
197,236308.33,235769.43058488175,236847.22566511825,538.897540118243,0.07439842569213889
198,101459.805,101025.91368969067,101893.69568530933,433.8909978093329,0.23363712469329384
199,288751.53,288061.67310230155,289441.38939769845,689.8581476984801,0.07992643956618824
200,293587.2,292613.3063502956,294561.0686497044,973.8811497043931,0.12987213380335866
201,207455.05,206982.21518686655,207927.87856313345,472.83168813344525,0.08635685424421875
202,232213.28,231731.77422930743,232694.78827069257,481.5070206925674,0.07346041982870057
203,249211.95,248607.4189717061,249816.4872782939,604.5341532939187,0.08434444431165108
204,216744.9,216323.94590635557,217165.86659364443,420.9603436444253,0.07361323823443944
205,235425.92,234926.9854967272,235924.8582532728,498.93637827280446,0.07988193821097822
206,262436.06,261471.5356973184,263400.58930268156,964.5268026815872,0.1249547643794939
207,372670.16,371423.4504856419,373916.8620143581,1246.7057643581093,0.10179395539166339
208,111475.625,111193.76130964949,111757.48869035051,281.86369035050683,0.08816680250791939
209,237920.36,237135.7441860465,238704.9745639535,784.6151889534887,0.1208712239144024
210,122187.31,121845.0991936761,122529.5258063239,342.2133063239024,0.11662838118546881
211,469244.78,467642.93298669765,470846.62951330235,1601.8482633023655,0.10555225914275863
212,187755.38,187107.19826198267,188403.55173801733,648.1767380173138,0.14251864171799716
213,299155.2,298316.89600929053,299993.47899070947,838.2914907094593,0.09412415690141854
214,325418.56,324486.5965741132,326350.5284258868,931.9659258868244,0.09712326636890647
215,232134.28,231423.90482474663,232844.65767525337,710.3764252533786,0.11261337201641612
216,262246.03,261621.4530986064,262870.60940139357,624.5781513935817,0.09265391275074467
217,185897.22,185493.09115683066,186301.34634316934,404.1275931693417,0.08100960650386667
218,179630.97,179072.50148463892,180189.43601536108,558.4672653610639,0.1611430029146781
219,121183.93,120819.94677074536,121547.91260425464,363.982916754645,0.1252438618558407
220,184391.39,183768.52793100718,185014.25331899282,622.8626939928206,0.13175795173809438
221,220589.73,220117.3226747255,221062.1460752745,472.41170027449294,0.07507452958598808
222,181689.77,181302.42574165962,182077.10550834038,387.3398833403715,0.07929032670066853
223,265321.5,264572.37084301095,266070.62915698905,749.1291569890196,0.10408338381226798
224,266288.7,265629.76943887246,266947.60556112754,658.9180611275324,0.07929860470247693
225,239325.23,238336.33249313766,240314.13625686234,988.9018818623317,0.21200432022738883
226,256933.14,256389.0364231419,257477.2448268581,544.1042018581081,0.08473142899609476
227,232642.0,232184.71213840795,233099.28786159205,457.2878615920614,0.07716672103633253
228,302283.22,301720.11584142735,302846.32165857265,563.1029085726356,0.07123684406549285
229,323302.84,322718.130041174,323887.557458826,584.7137088260137,0.06439171911463906
230,277775.1,277019.23640730575,278530.95109269425,755.8573426942569,0.09279108764006866
231,191365.44,190805.2961755701,191925.5788244299,560.1413244298984,0.11981342297934457
232,142232.88,141912.34926625845,142553.40073374155,320.5257337415542,0.09125754123533175
233,347882.7,347073.20264991553,348692.17235008447,809.4848500844597,0.08550575277468143
234,389853.34,388717.99571104307,390988.69178895693,1135.3480389569256,0.11047636729657216
235,214423.5,213806.27292942358,215040.72707057642,617.2270705764363,0.11636725806386253
236,235877.47,234823.35921663852,236931.57828336148,1054.109533361487,0.13922270495663994
237,177946.05,177299.0084723395,178593.0852776605,647.0384026604735,0.13625915457261029
238,277395.06,276698.5499366554,278091.5750633446,696.5125633445947,0.09684737822863351
239,197253.56,196788.11763619087,197719.00736380913,465.4448638091212,0.09132313719027779
240,192686.31,192130.93827201225,193241.68672798775,555.3742279877533,0.12122410788454446
241,248702.84,248182.66034100507,249223.02715899493,520.1834089949325,0.079140927377141
242,150588.2,150151.10186602618,151025.30438397382,437.1012589738175,0.10485888355957801
243,238282.6,237570.96029085727,238994.22720914273,711.6334591427368,0.09530219378520259
244,195225.27,194394.35522460938,196056.17602539062,830.9104003906253,0.14898361786827338
245,298267.3,296682.26698426943,299852.35801573057,1585.0455157305748,0.16739184606803828
246,259701.61,259131.82217324746,260271.39657675254,569.7872017525332,0.0770278785587555
247,337630.47,336570.1474477407,338690.7900522593,1060.3213022592893,0.14209712366320182
248,331620.84,330556.15255489864,332685.53494510136,1064.6911951013515,0.13898903233175514
249,222290.52,221628.29052734375,222952.74072265625,662.2250976562503,0.1284102085721691
250,309585.9,308782.38054265204,310389.43195734796,803.5257073479723,0.08238982233568475
251,625205.1,623261.0799197635,627149.1700802365,1944.045080236489,0.09869963592966136
252,378742.62,377969.1142446157,379516.1357553843,773.5107553842896,0.07451360607748093
253,215805.81,215158.52826752534,216453.09673247466,647.2842324746617,0.12898722334243207
254,127108.07,126666.96697503167,127549.17364996833,441.10333746832765,0.1508577749046567
255,235798.5,235357.19982580235,236239.80017419765,441.30017419763516,0.07007250693971183
256,334185.78,333057.81734322215,335313.74515677785,1127.9639067778726,0.1543309221264317
257,207491.19,206739.3165382179,208243.0584617821,751.8709617820936,0.1787134143418416
258,220453.64,219773.71643396327,221133.56481603673,679.9241910367397,0.12168914176059033
259,534617.1,533851.8068450218,535382.4431549782,765.3181549781982,0.06139201573760452
260,236960.3,236055.55083403716,237865.04291596284,904.7460409628378,0.1414205285967988
261,389544.06,387781.8072212838,391306.3177787162,1762.2552787162172,0.13843759091009133
262,795366.44,792587.3973700944,798145.4776299056,2779.0401299055197,0.12463019851248015
263,172580.77,172087.46484375,173074.06640625,493.30078125,0.11189351899622577
264,238149.28,237621.36015361064,238677.20234638936,527.9210963893565,0.08067884542263427
265,205529.25,204932.61315588048,206125.88684411952,596.6368441195101,0.14360685460005565
266,163209.1,162575.87742820947,163842.31007179053,633.2163217905407,0.16557816057010785
267,309817.7,308362.0873099662,311273.2876900338,1455.6001900337835,0.14414291144918248
268,189056.95,188463.2385451858,189650.6677048142,593.7145798141886,0.1324524708823587
269,321400.97,320160.06120671454,322641.87629328546,1240.907543285473,0.1911176371280839
270,310895.84,309248.84894953546,312542.83855046454,1646.9948004645278,0.16841924231017327
271,261910.9,260485.66007706925,263336.15242293075,1425.2461729307433,0.2456555892364262
272,232405.36,231989.78734031884,232820.93140968116,415.5720346811664,0.06490529513510168
273,270544.75,270004.2408678209,271085.2591321791,540.5091321790543,0.0672024825844512
274,188721.64,187218.14394077036,190225.13730922964,1503.4966842296517,0.2580652856850759
275,234504.12,233836.93545449746,235171.31454550254,667.1895455025336,0.08756457150526803
276,161107.72,160381.29450617608,161834.14299382392,726.4242438239017,0.2271671805107947
277,233514.86,233024.90507548564,234004.81367451436,489.9542995143579,0.08086608682542334
278,258650.19,257976.0856735642,259324.2893264358,674.1018264358117,0.09377604783018481
279,325145.3,323305.40006070526,326985.22493929474,1839.912439294763,0.17323902638657893
280,238342.69,237925.0379671664,238760.3370328336,417.6495328336152,0.06541176147566795
281,228528.97,228120.9465529983,228936.9909470017,408.0221970016894,0.06893128947126352
282,169136.58,168772.196981894,169500.959268106,364.38114310599667,0.08252647397053159
283,269993.4,269156.0323453336,270830.7801546664,837.3739046663854,0.09981967970479848
284,210401.75,209798.86771537163,211004.63228462837,602.8822846283783,0.11297943713173972
285,208549.44,207667.03775601773,209431.83724398227,882.3997439822635,0.15463070553271108
286,164975.4,164186.1163231102,165764.6961768898,789.2899268897804,0.29535876460322913
287,315614.9,315033.4439400338,316196.3685599662,581.4623099662158,0.06940508017578224
288,209403.38,208819.6468802787,209987.1031197213,583.728119721284,0.1115761332727088
289,226716.6,226078.18909681166,227354.99840318834,638.4046531883456,0.10862122775054492
290,256245.92,255677.05150707348,256814.79224292652,568.8703679265195,0.08417390025921467
291,305565.47,304933.2018581081,306197.7356418919,632.2668918918915,0.08611046806535938
292,107259.99,103900.99575966282,110618.98861533718,3358.9964278371704,0.588526174511015
293,233441.95,232950.56185335727,233933.34439664273,491.39127164273725,0.09191271317297314
294,205059.1,204201.64197767104,205916.54552232896,857.4517723289703,0.13431095638292226
295,209613.98,208933.5097722234,210294.4589777766,680.4746027766064,0.11263406333071936
296,258377.3,257844.5827438767,258910.0110061233,532.7141311233106,0.08589446913487418
297,248618.92,248036.33670291386,249201.50704708614,582.5851720861494,0.07354379063319103
298,313762.38,313049.3705790752,314475.3794209248,713.0044209248302,0.08561450728775107
299,296471.5,294967.8910792151,297975.1089207849,1503.6089207848836,0.17141639734412922
300,264970.0,264042.5810414907,265897.4189585093,927.4189585092918,0.12019227717736501
301,216635.83,216098.33968538852,217173.31656461148,537.4884396114857,0.09702860034893676
302,144429.36,143998.82594752955,144859.89280247045,430.53342747043956,0.117513817289417
303,240780.42,240164.38216585727,241396.46158414273,616.0397091427367,0.09899294554110238
304,241706.44,241097.0265387458,242315.8484612542,609.4109612542226,0.0866894904766916
305,208918.4,208170.3568676098,209666.4556323902,748.049382390202,0.11301565007338446
306,176807.94,176343.3392894848,177272.5357105152,464.5982105152029,0.11399572664303391
307,103882.55,103610.85191551414,104154.24183448586,271.69495948585336,0.1234400918850795
308,320185.34,319329.12674197636,321041.56075802364,856.2170080236478,0.09786909223107254
309,262451.3,261859.89164115288,263042.73335884715,591.4208588471275,0.09759148501030927
310,318530.66,317213.0729980469,319848.2395019531,1317.5832519531248,0.14334218094534884
311,255942.44,255507.47358002534,256377.40141997466,434.96391997466253,0.06482517156615272
312,214578.42,214027.76363228462,215129.08011771538,550.6582427153716,0.10188871872690004
313,262374.66,261630.6131624789,263118.6993375211,744.043087521115,0.11523168820907999
314,197077.14,196519.76260293496,197634.51864706504,557.3780220650337,0.11710242523559286
315,168055.92,167711.74690535263,168400.09684464737,344.17496964738166,0.08929222851233869
316,346017.2,345094.21073954814,346940.16426045186,922.9767604518595,0.08605685939068299
317,203594.88,202915.2324482686,204274.5175517314,679.6425517314183,0.11996474204072158
318,273871.12,273107.8836570946,274634.3663429054,763.2413429054046,0.1106189916078735
319,277117.56,276512.0472709037,277723.0777290963,605.5152290962837,0.08204672179980335
320,528661.4,527292.7267208615,530030.0232791385,1368.648279138514,0.08551827849710941
321,228795.81,228358.09397434545,229233.53102565455,437.71852565456203,0.07361905583446568
322,190054.97,189487.92574165962,190622.01175834038,567.0430083403718,0.12311688716959983
323,277725.9,277280.5365947002,278171.2759052998,445.36965529983166,0.05926662058588409
324,209195.55,208287.33075775972,210103.76299224028,908.2161172402864,0.25981095942214144
325,252412.28,251343.09257548564,253481.46992451436,1069.1886745143577,0.20111850355075336
326,218547.16,217960.19593274916,219134.11656725084,586.9603172508445,0.10935612250175594
327,278897.75,278180.0338365709,279615.4661634291,717.7161634290543,0.08833232314201511
328,175335.0,174854.3342417124,175815.6657582876,480.66575828758494,0.11803348934101873
329,253690.47,253095.88794605152,254285.04955394848,594.5808039484791,0.09349341225848215
330,164015.05,163341.9821447424,164688.1116052576,673.0647302576014,0.1773110999023121
331,212383.48,211944.36126214106,212822.60748785894,439.12311285895225,0.08636084617450754
332,141502.95,141116.69850282412,141889.20774717588,386.25462217588716,0.11918823822843257
333,329813.0,328587.5408836571,331038.4591163429,1225.4591163429068,0.11988022447902438
334,217611.92,216712.23977248734,218511.60397751266,899.6821025126691,0.1784036204582038
335,551307.25,549748.1755882086,552866.3244117914,1559.0744117914255,0.11554461627708844
336,420253.1,418038.9920159417,422467.1954840583,2214.1017340582744,0.16376479917487177
337,214025.39,213510.7522302576,214540.0290197424,514.6383947423983,0.09507825203897736
338,254439.19,253851.0761454814,255027.2988545186,588.111354518581,0.08994272688760163
339,195135.77,194577.90935784418,195693.62189215582,557.8562671558279,0.10834823400393555
340,255793.83,255221.1130041174,256366.5432458826,572.7151208826008,0.0835819469911597
341,212836.31,212359.12635926943,213313.49864073057,477.18614073057375,0.08758606172861758
342,385166.56,383980.88186233107,386352.24313766893,1185.680637668919,0.09897614297232622
343,267722.5,266840.6056007179,268604.3943992821,881.894399282095,0.11111060700058814
344,299730.12,298314.47022804053,301145.77977195947,1415.6547719594591,0.13612888034177528
345,196329.17,195355.08281645903,197303.26093354097,974.0890585409625,0.23757627462334063
346,258483.03,257805.8266073691,259160.2358926309,677.2046426309122,0.0912905842140195
347,208334.61,207758.87046030405,208910.34828969595,575.7389146959457,0.11038753300789202
348,313593.2,312298.9076884502,314887.4673115498,1294.2798115498301,0.14810601292305497
349,305534.12,304708.1335251267,306360.1164748733,825.9914748733106,0.0964563289881327
350,261086.34,260428.9525443412,261743.7349556588,657.3912056587837,0.09622767883906753
351,240618.98,239875.5359876478,241362.4327623522,743.4483873521965,0.12705134642081514
352,257131.03,256627.96645375845,257634.09604624155,503.06479624155384,0.07610352392026683
353,264079.8,263277.09104742005,264882.53395257995,802.7214525799427,0.11106298940707904
354,305181.88,304501.9450749578,305861.8049250422,679.9299250422296,0.07862571688896539
355,325302.84,324567.38232421875,326038.30517578125,735.4614257812494,0.07548273358329464
356,234806.08,234270.91162109375,235341.24462890625,535.1665039062502,0.08251186094558266
357,274427.62,273693.050715266,275162.199284734,734.5742847339535,0.09183426178786612
358,367700.28,367039.5348923142,368361.0276076858,660.7463576858116,0.06806860211635346
359,272869.38,271967.45837732265,273771.29162267735,901.9166226773643,0.1363773412976484
360,249720.7,249257.2286871833,250184.1775628167,463.47443781672325,0.06801037345117077
361,236201.4,235646.26245777027,236756.55004222973,555.1437922297301,0.09609100364862395
362,359613.44,358935.84286581504,360291.03213418496,677.5946341849663,0.07598653595742003
363,260850.06,260204.21756228886,261495.90743771114,645.8449377111483,0.0887417452463998
364,186416.27,185953.92134052998,186878.60990947002,462.3442844700172,0.08773249379530594
365,196789.22,196226.46561576225,197351.97188423775,562.7531342377529,0.0974210192780713
366,234745.52,233961.88704866977,235529.14420133023,783.6285763302363,0.19925557630347412
367,212180.61,211578.1241554054,212783.0945945946,602.4852195945944,0.11801685787786931
368,343864.78,342712.6798458615,345016.8826541385,1152.1014041385133,0.0994801415282185
369,255535.73,254850.3125,256221.15625,685.4218750000003,0.1081910304823386
370,294853.88,294083.8614468961,295623.8885531039,770.0135531038844,0.09733776834035615
371,272075.94,271160.3107844172,272991.5642155828,915.6267155827703,0.15048749511798137
372,311648.97,310535.2967562289,312762.6407437711,1113.6719937711139,0.11176584647543415
373,199628.6,198876.20371885557,200380.98378114443,752.3900311444257,0.16257102307839177
374,257506.02,256963.61541913007,258048.41583086993,542.4002058699319,0.07934991320785358
375,337892.34,336870.6580315667,338914.0294684333,1021.6857184332755,0.12971926971924336
376,285683.78,285076.87221547717,286290.69028452283,606.9090345228049,0.07047890554334554
377,303553.22,302840.0475084459,304266.3899915541,713.1712415540542,0.08013051827172203
378,260009.08,259382.95070998734,260635.20554001266,626.1274150126691,0.09590019171347358
379,162196.95,161788.6634884396,162605.2427615604,408.28963656038815,0.10697210414421415
380,524217.75,522683.3280194257,525752.1719805744,1534.4219805743264,0.10807872597279304
381,328692.06,327955.90168391046,329428.22331608954,736.1608160895269,0.08259736255756493
382,303194.2,302581.6383683488,303806.7366316512,612.5491316511838,0.08292157246672993
383,632936.44,631673.199086782,634199.675913218,1263.238413217903,0.07758905691546426
384,325012.47,323942.8977644637,326082.0397355363,1069.5709855363177,0.11836580069402301
385,275371.88,274563.42685019004,276180.32314980996,808.448149809967,0.12136221739396107
386,268644.25,268040.8988993877,269247.6011006123,603.3511006123317,0.08047119265082543
387,328737.97,327786.2888777449,329689.6486222551,951.6798722550682,0.10194941726821723
388,389915.12,388985.70280827704,390844.54719172296,929.4221917229726,0.09608455469221408
389,374001.78,372901.5496331292,375102.0128668708,1100.2316168707764,0.09916680006631437
390,413468.62,412438.305822424,414498.944177576,1030.319177576014,0.08246012457134738
391,211352.92,210651.96764806798,212053.87610193202,700.9542269320106,0.17653069121429546
392,262208.1,261508.55208773227,262907.63541226776,699.5416622677358,0.1024964485249941
393,232925.02,232364.18868771114,233485.84256228886,560.8269372888506,0.09968181079363815
394,307532.75,306842.84118982265,308222.65881017735,689.9088101773639,0.07653891894471782
395,155256.56,154793.04122677364,155720.08377322636,463.52127322635147,0.12608142903734434
396,376930.3,376244.815271326,377615.809728674,685.4972286739861,0.06966159930391634
397,216669.77,216269.15713418496,217070.37411581504,400.608490815033,0.07652773797114396
398,193339.58,192739.7105283995,193939.4457216005,599.8675966005076,0.09769381476149333
399,216301.66,215621.73570787584,216981.57679212416,679.9205421241561,0.11360885189289946
400,316508.03,315690.37002480996,317325.69247519004,817.6612251900348,0.09527004765305287
401,257907.56,256856.90112964527,258958.22387035473,1050.66137035473,0.16844030780082309
402,212695.23,212013.78304476352,213376.68570523648,681.4513302364855,0.11318731596680251
403,261280.47,260540.53611961572,262020.40138038428,739.9326303842893,0.09737940142187466
404,182730.17,182194.25275153082,183266.09099846918,535.9191234691722,0.11256538519919987
405,172001.02,171485.9068306588,172516.1244193412,515.1087943412163,0.12469571166554605
406,246706.36,245936.8289827914,247475.8897672086,769.5303922086144,0.10087303788436748
407,152397.78,151786.52352327915,153009.03897672085,611.257726720862,0.14003327568785115
408,176233.78,175736.2922561233,176731.2702438767,497.4889938766886,0.09209865752549254
409,219561.19,218908.01541385136,220214.35958614864,653.1720861486476,0.0997518909980422
410,242465.8,241929.58848448057,243002.00526551943,536.2083905194249,0.09707938764029801
411,334096.47,333247.30214051943,334945.63535948057,849.1666094805737,0.08870494754627473
412,322042.7,320698.3837230785,323386.9912769215,1344.30377692145,0.13203463629970405
413,278488.62,277829.64709142735,279147.60290857265,658.9779085726353,0.1081475232198589
414,250417.14,249803.48252744932,251030.79872255068,613.6580975506765,0.08896513536737484
415,248464.14,247938.50607052364,248989.77517947636,525.6345544763517,0.08348123186595754
416,350687.66,348802.16012985643,352573.15237014357,1885.496120143582,0.166518822940006
417,266912.75,266004.7614944046,267820.7385055954,907.9885055954408,0.14174975896509567
418,184902.36,184390.3578309755,185414.3609190245,512.0015440244937,0.10448189518058934
419,204203.8,203573.94213207348,204833.65161792652,629.8547429265199,0.1396324937901907
420,193225.14,192637.80145428632,193812.47979571368,587.3391707136826,0.11260516854378264
421,325665.8,324120.5324641047,327211.0925358953,1545.2800358952716,0.1447606298698161
422,186039.81,185313.19875026392,186766.42624973608,726.6137497360644,0.16458498436484043
423,405866.0,403257.5814067042,408474.4185932958,2608.4185932957835,0.20933769313359946
424,255042.16,254186.0751953125,255898.2373046875,856.0810546874994,0.11298068821918762
425,141458.47,140792.05505041173,142124.88244958827,666.4136995882601,0.24579606386533595
426,189977.81,189535.173795133,190420.451204867,442.6387048669767,0.09508800375543841
427,288907.1,287693.13345914276,290121.05404085724,1213.960290857264,0.1632006926593428
428,209797.3,208683.89098131334,210910.70276868666,1113.4058936866547,0.16364164755721713
429,222309.42,221553.94792546454,223064.89582453546,755.473949535473,0.14923779750967173
430,314376.4,313575.3753035262,315177.4371964738,801.0309464738185,0.09054958593046884
431,335598.84,334785.8209987331,336411.8665012669,813.0227512668931,0.08301545916109826
432,380431.56,379006.699786212,381856.425213788,1424.8627137880067,0.12674383131085865
433,225931.47,225412.01098632812,226450.92651367188,519.4577636718748,0.10508588985193149
434,357234.5,356180.2293734164,358288.7706265836,1054.270626583615,0.10243159056203299
435,135792.77,135109.197298617,136476.333951383,683.568326383024,0.2351616919524353
436,216552.4,216030.5368322424,217074.2756677576,521.8694177576014,0.10472176214244171
437,258053.61,256891.1339342272,259216.0848157728,1162.4754407728044,0.16143951678751925
438,215412.08,214625.37255859375,216198.78369140625,786.7055664062502,0.1446782041543309
439,250753.2,250233.8742873733,251272.5319626267,519.3288376266879,0.07223917703634712
440,200261.39,199656.1245843011,200866.6566656989,605.2660406989013,0.12472126433583448
441,233900.88,233312.21182168496,234489.53817831504,588.6631783150345,0.08960567745583893
442,164410.47,163970.08209063555,164850.85540936445,440.38665936444215,0.09502507523613916
443,205224.84,204695.56190614443,205754.12559385557,529.2818438555748,0.1129403594031416
444,405579.4,404126.88888302364,407031.92361697636,1452.5173669763506,0.1165604634050381
445,284567.16,283211.96114864864,285922.35135135136,1355.1951013513515,0.15044574306260386
446,193471.7,192710.82216005068,194232.58408994932,760.8809649493242,0.1813368852733492
447,222535.64,221694.87061866553,223376.41063133447,840.770006334459,0.16036310224483713
448,303859.22,303059.7931403083,304658.6443596917,799.4256096917226,0.1044415527696453
449,370086.56,369071.3628721495,371101.7621278505,1015.1996278505073,0.09404044701705608
450,326321.88,325172.6275073902,327471.1224926098,1149.247492609798,0.12097706354735847
451,203360.44,202708.78764384502,204012.08735615498,651.6498561549834,0.11458273597789816
452,185624.53,185197.82264833193,186051.23985166807,426.7086016680751,0.10864085719035704
453,426401.16,425382.7129985011,427419.5995014989,1018.4432514989097,0.10011111347185174
454,214566.69,214094.23977248734,215039.13522751266,472.4477275126689,0.11827980972826464
455,264919.44,263702.62756017735,266136.24743982265,1216.809939822636,0.1394712948403453
456,237119.33,236350.33270428632,237888.32354571368,768.995420713683,0.14647726121397495
457,201529.77,201007.10652449325,202052.42472550675,522.659100506757,0.0943990547594526
458,268697.25,267631.30902924406,269763.19097075594,1065.940970755913,0.13056043439278436
459,324848.5,324012.1798062711,325684.8201937289,836.3201937288861,0.09334448156458666
460,143265.02,142918.47881255278,143611.55243744722,346.5368124472132,0.08951958926402642
461,195726.3,195035.76277449325,196416.83097550675,690.5341005067573,0.16242024313302755
462,183101.17,182474.76369167017,183727.58005832983,626.4081833298139,0.13571895384382138
463,236196.9,235457.0605204814,236936.7519795186,739.8457295185817,0.13969380796091904
464,347301.72,345949.71658572636,348653.72091427364,1352.0021642736472,0.12648755788319416
465,289036.3,288342.23681640625,289730.38818359375,694.0756835937508,0.0838977466209249
466,279625.4,278886.7627480997,280364.0497519003,738.6435019003384,0.11759526123180787
467,481669.6,480111.5048300253,483227.6826699747,1558.0889199746632,0.11680713347087608
468,245886.16,244985.995526288,246786.316973712,900.1607237119927,0.14611442085425758
469,408754.4,407778.26559860643,409730.54690139357,976.1406513935809,0.0777717813398262
470,438480.8,437561.5088946368,439400.1161053632,919.3036053631764,0.07809790752729273
471,257021.98,256439.57762352197,257604.39112647803,582.4067514780407,0.08179711024225855
472,207789.75,207282.18782991977,208297.31217008023,507.5621700802359,0.10005720827434357
473,135272.8,134861.93835119298,135683.65539880702,410.85852380701016,0.14022700587414053
474,270090.62,269500.9018158784,270680.3481841216,589.7231841216217,0.08823970097911601
475,241569.03,240704.71711359796,242433.34538640204,864.3141364020274,0.1393908188149074
476,217441.47,216864.91143633868,218018.02606366132,576.5573136613177,0.13579424586271172
477,230207.56,229567.74856154984,230847.37643845016,639.8139384501687,0.09902078102885423
478,244233.73,243482.2230653505,244985.2456846495,751.5113096494943,0.12332817757156389
479,410708.4,409692.02409733954,411724.78840266046,1016.3821526604739,0.09115273614151412
480,184330.55,183843.39571236275,184817.69803763725,487.151162637247,0.13666961671093608
481,205432.25,204903.69508815455,205960.80491184545,528.5549118454386,0.08872740154438022
482,275027.0,274331.39823954814,275722.60176045186,695.6017604518576,0.08980423733294124
483,183231.55,182424.07179054053,184039.02195945947,807.4750844594597,0.27209599250518507
484,267992.03,266670.4394663218,269313.6230336782,1321.591783678211,0.15869006940697464
485,210495.84,209969.81217008023,211021.87532991977,526.0315799197633,0.09906013855881035
486,166099.34,165652.73985826646,166545.94764173354,446.6038917335306,0.10965600131215805
487,245164.67,244436.22065033784,245893.12309966216,728.4512246621616,0.09700511428487221
488,154842.61,154315.76289986275,155369.45585013725,526.8464751372467,0.15122586126825696
489,263327.3,262521.31156302785,264133.31343697215,806.0009369721271,0.10724286223835801
490,284927.25,284255.67640149913,285598.82359850087,671.5735985008446,0.0827349974212223
491,264057.75,263502.2201884502,264613.2798115498,555.5298115498299,0.08135901621160385
492,280190.9,279499.0225137247,280882.7899862753,691.883736275338,0.08906034172591606
493,285178.0,284035.74072265625,286320.25927734375,1142.2592773437507,0.12628884900076007
494,350587.78,349742.7632176599,351432.7992823401,845.0180323401164,0.12514881433106506
495,200580.45,200117.3427668391,201043.5634831609,463.11035816089526,0.08358970010784092
496,279172.1,278602.8984375,279741.2890625,569.1953124999999,0.07221691642665161
497,296929.03,296106.92810388515,297751.13439611485,822.1031461148639,0.09227436061799299
498,247304.16,246609.56981102197,247998.74268897803,694.5864389780405,0.09761464454183955
499,202892.23,202537.17388091216,203247.29486908784,355.0604940878383,0.06315391426215686
500,223971.83,223260.58251953125,224683.07373046875,711.2456054687511,0.11219380076542958
501,218954.8,217906.45118507178,220003.14256492822,1048.3456899282094,0.25056568806613705
502,398377.66,397177.05770956504,399578.25479043496,1200.598540434964,0.11704161887468292
503,273666.16,272910.5008050042,274421.8116949958,755.6554449957772,0.1173615262153975
504,255821.16,255229.9274440456,256412.3850559544,591.2288059543924,0.08385714675351744
505,195285.06,194697.78720175254,195872.33779824746,587.2752982474658,0.12422982095244564
506,230773.47,229939.46617002744,231607.47132997256,834.0025799725512,0.11138408013761775
507,316612.75,315635.2541701858,317590.2458298142,977.4958298141897,0.11670604733584673
508,263567.28,262908.9023965372,264225.6601034628,658.3788534628374,0.08484899306330038
509,236811.44,236246.88150601773,237375.99349398227,564.5559939822632,0.09469946732251076
510,299523.4,298905.5725295608,300141.2399704392,617.8337204391888,0.08570428792728728
511,224052.03,223252.3271814295,224851.7353185705,799.7040685705232,0.13596476954699638
512,258034.17,257286.82800009084,258781.51574990916,747.3438749091567,0.10674831011486831
513,505889.03,502527.25216427364,509250.81033572636,3361.779085726351,0.1988477375987364
514,230744.52,230059.05600717905,231429.97524282095,685.4596178209458,0.1233446956141251
515,332657.6,332001.7337415541,333313.4537584459,655.8600084459451,0.07472455796418678
516,226636.11,225991.7472154772,227280.4715345228,644.3621595228041,0.12727905751842927
517,225005.39,224432.5842417124,225578.1970082876,572.806383287585,0.0961477078588231
518,225824.4,224925.4260715794,226723.3864284206,898.9801784206085,0.15224683764551444
519,198720.8,198214.52158994932,199227.07216005068,506.2752850506765,0.09485059026440375
520,172000.1,171474.09799276816,172526.08950723184,525.995757231842,0.13437022986329222
521,198413.25,197873.29723791173,198953.20276208827,539.9527620882606,0.1078632646115673
522,315330.5,314370.75744298985,316290.24255701015,959.7425570101356,0.1050942790981506
523,501330.66,500327.4635768581,502333.8489231419,1003.1926731418919,0.07139013375941411
524,325615.22,325153.9653490643,326076.4721509357,461.25340093568434,0.0650885525900272
525,356448.78,355683.7337943412,357213.8287056588,765.0474556587826,0.08191479965053525
526,388176.25,387218.65845386405,389133.84154613595,957.5915461359789,0.11689099163349374
527,382597.28,381590.6996146537,383603.8628853463,1006.5816353462853,0.09385726121658977
528,405635.4,404772.6841744088,406498.1283255912,862.7220755912174,0.0759700117590004
529,298389.8,297854.8125527872,298924.8124472128,534.9999472128391,0.062434625316342904
530,235212.48,233661.79149822856,236763.17725177144,1550.6928767714387,0.2134363617039642
531,208928.61,208269.89541543496,209587.32333456504,658.7139595650334,0.13408451925480439
532,403557.0,402392.06874208193,404721.93125791807,1164.931257918074,0.10696813689956058
533,364934.7,363867.4730785473,366001.9019214527,1067.2144214527027,0.09121374333945888
534,272183.72,270689.5327412373,273677.9047587627,1494.1860087626694,0.2228389078821782
535,295165.8,294441.2274334882,295890.3975665118,724.5850665118243,0.09367918377389366
536,313005.44,312160.90489073057,313849.97010926943,844.5326092694248,0.11478115372802672
537,220252.03,219642.9656817462,220861.0968182538,609.0655682538013,0.09784721372402552
538,150062.64,149620.47747967695,150504.80377032305,442.16314532305745,0.12641759841914632
539,365205.5,363370.9193412162,367040.0806587838,1834.5806587837842,0.1548331275824954
540,249648.33,248919.7412373311,250376.9150126689,728.5868876689191,0.09743757335074439
541,245371.66,244678.75389305322,246064.55860694678,692.9023569467907,0.10185532557946259
542,233968.38,233379.4860641892,234557.2639358108,588.8889358108103,0.09923852178792655
543,109080.28,108632.80500092378,109527.75749907622,447.47624907622486,0.20236801030817944
544,504490.38,503451.4917388091,505529.2582611909,1038.8832611908788,0.07741092944859093
545,388714.0,387813.3812684755,389614.6187315245,900.6187315244911,0.07790627953550569
546,513532.28,511832.3537003801,515232.2087996199,1699.9275496199316,0.11770741971629496
547,223915.44,223183.56070523648,224647.31429476352,731.8767947635138,0.11398825736888299
548,192186.4,191650.8903346706,192721.9221653294,535.5159153293916,0.11275569783444302
549,181277.45,180779.9560282939,181774.9502217061,497.49709670608115,0.10076001359917809
550,219426.17,218663.2927971917,220189.0509528083,762.8790778082767,0.15084738784315618
551,226542.62,225661.2250052787,227424.0249947213,881.3999947212837,0.11490117656440398
552,278849.97,277868.08614864864,279831.85135135136,981.8826013513511,0.12396035431415894
553,253775.72,252603.27729096284,254948.16020903716,1172.4414590371618,0.14149317566801733
554,190282.73,189582.1222154772,190983.3465345228,700.6121595228042,0.1277198830825234
555,175215.9,174803.81917097763,175627.99332902237,412.087079022382,0.08518999506729369
556,245256.19,244459.6887932855,246052.6862067145,796.498706714526,0.11025378708816
557,167658.81,167004.75953468116,168312.86546531884,654.0529653188347,0.17789535632261683
558,121648.81,121330.51142182222,121967.11357817778,318.3010781777871,0.09838786732088149
559,218986.33,218174.4443689295,219798.2118810705,811.8837560705242,0.22197688350059844
560,460694.16,458526.23680320947,462862.07569679053,2167.9194467905413,0.14275044831643635
561,273755.8,273100.8954946157,274410.7295053843,654.9170053842907,0.10435562536833858
562,745088.1,744181.196243641,745995.053756359,906.92875635901,0.05416652203737718
563,189144.5,188240.47426625845,190048.52573374155,904.0257337415538,0.2215195515925324
564,221950.73,221509.83238756334,222391.63636243666,440.9019874366549,0.07501675109053056
565,245767.73,245360.59576910894,246174.87298089106,407.13860589104763,0.06566493197852517
566,180440.42,179802.15258789062,181078.69116210938,638.2692871093752,0.11308696064042517
567,187167.31,186596.4712573902,187738.1537426098,570.8412426097981,0.14045912481836523
568,203104.12,202640.90812394425,203567.34187605575,463.21687605574255,0.08822504809305966
569,177641.23,176958.07473342484,178324.39401657516,683.1596415751688,0.1444483541577583
570,163025.23,162478.3552048142,163572.1135451858,546.8791701858107,0.1444289820531651
571,298458.7,297699.5105574324,299217.8644425676,759.1769425675674,0.08896899008802857
572,268753.16,268015.10384554474,269491.20865445526,738.0524044552359,0.10980373041310461
573,164182.48,163596.14765888936,164768.82109111064,586.3367161106418,0.16088462334422687
574,322223.97,321403.16674144845,323044.77075855155,820.8020085515201,0.08105947090856545
575,193088.05,192115.96800438134,194060.12574561866,972.078870618666,0.21530701025993287
576,245790.12,245216.37295449746,246363.87704550254,573.7520455025341,0.093332656098178
577,193720.6,193189.3359375,194251.8515625,531.2578124999998,0.1134394224372907
578,330772.03,328096.5930459666,333447.4694540334,2675.438204033429,0.2466115834707535
579,297490.3,296691.91816670186,298288.70683329814,798.3943332981419,0.10721799266282957
580,361014.2,360099.57689769845,361928.79810230155,914.6106023015203,0.09548292033784589
581,203604.4,202856.5242622994,204352.2882377006,747.8819877005906,0.2059146662495159
582,240281.61,239718.45722920186,240844.76152079814,563.1521457981423,0.0987943587143061
583,167425.27,167035.20947925464,167815.32177074536,390.05614574535406,0.0987279558336793
584,176847.95,176360.15439585093,177335.75185414907,487.79872914907173,0.09877967894235326
585,214354.34,213439.43309227197,215269.25440772803,914.910657728041,0.21278469376274495
586,495186.28,493357.451990076,497015.110509924,1828.8292599239874,0.1138374478701939
587,356227.53,354691.27283044765,357763.78966955235,1536.2584195523661,0.13823974382266258
588,233771.12,233321.78350665118,234220.46649334882,449.3414933488174,0.0739524310840607
589,178228.47,177559.11574904984,178897.82175095016,669.3530009501682,0.1366849737194871
590,208756.78,208153.1493876689,209360.4131123311,603.63186233108,0.11562133694922155
591,210736.86,210115.4291332348,211358.2896167652,621.4302417652027,0.10624690765064977
592,171645.89,171055.73729149072,172236.04395850928,590.1533335092903,0.15365695800130882
593,347604.84,346803.61244985217,348406.07505014783,801.2313001478044,0.08350751545123818
594,165201.55,164762.517611117,165640.576138883,439.02926388302365,0.1065265378800464
595,401746.5,398301.4591163429,405191.5408836571,3445.0408836570928,0.2361075271140051
596,160817.44,160128.43674118453,161506.43825881547,689.0007588154552,0.14232087490264086
597,199268.7,198746.06965925888,199791.33659074112,522.633465741132,0.10462731725431154
598,216246.31,215811.00451330235,216681.62048669765,435.30798669763476,0.07683856669796985
599,322253.72,321043.2026631123,323464.2348368877,1210.5160868876696,0.11750595286691232
600,277905.75,277499.8348289696,278311.6651710304,405.9151710304043,0.05714597335987235
601,192076.56,191568.2632693729,192584.8617306271,508.29923062711197,0.10797899641660838
602,233385.95,232753.27160974452,234018.63464025548,632.6815152554899,0.09990852805910072
603,257879.08,257246.3249313767,258511.8313186233,632.7531936233104,0.08768235398038503
604,283219.66,282421.70447107265,284017.60802892735,797.951778927365,0.12202766372869138
605,266568.0,265777.4783308699,267358.5216691301,790.5216691300664,0.10297304687480568
606,209345.1,208917.78310414907,209772.40439585093,427.31064585092776,0.07908388194964933
607,145655.75,145123.44998416386,146188.05001583614,532.3000158361491,0.2298739177210171
608,349034.3,348059.23238228465,350009.39261771535,975.0801177153718,0.10670573891775106
609,174317.84,173882.5439717061,174753.1435282939,435.2997782939187,0.09338271056950403
610,160789.1,160340.05574324325,161238.13175675675,449.03800675675654,0.12216656722204662
611,225322.58,224688.55627111485,225956.59997888515,634.0218538851357,0.10704941451304022
612,254889.7,253949.61639569257,255829.78985430743,940.0867293074324,0.1744789089653036
613,257716.05,256825.72969013936,258606.36405986064,890.3171848606423,0.14283555393350342
614,240484.23,239744.8519716005,241223.6167783995,739.382403399493,0.11167443589961769
615,331957.16,331365.29626794765,332549.01623205235,591.8599820523666,0.06451384050170131
616,302483.0,301878.46591269004,303087.53408730996,604.5340873099668,0.0788805304172563
617,239993.31,239233.74369193413,240752.88130806587,759.568808065879,0.14399619585508008
618,268041.66,267495.7698743665,268587.5426256335,545.8863756334471,0.07132409176239009
619,163777.22,163359.41415487754,164195.02334512246,417.8045951224662,0.10682515458232578
620,288605.72,287485.8703547297,289725.5671452703,1119.84839527027,0.12452441418132192
621,212718.98,212226.3097154772,213211.6590345228,492.67465952280486,0.08402392385177886
622,169782.47,169465.273721231,170099.663778769,317.19502876900356,0.0740354640424115
623,257514.4,256695.11763619087,258333.69486380913,819.2886138091213,0.12817886608466075
624,261565.2,260884.3455843539,262246.0606656461,680.8575406461152,0.11649866567325119
625,238253.47,237595.7217060811,238911.2157939189,657.7470439189192,0.11005925476108677
626,312129.03,311106.3133050042,313151.7491949958,1022.7179449957766,0.09924693190927987
627,240344.05,239612.37884026606,241075.71490973394,731.6680347339535,0.10854333282650237
628,244410.9,243485.77474398227,245336.03775601773,925.1315060177355,0.16210779520333077
629,236154.23,235405.40927206504,236903.05947793496,748.825102934966,0.12253294199366967
630,217785.2,217059.63340635557,218510.77284364443,725.5697186444265,0.17652435494679442
631,217177.6,216642.5862014358,217712.6012985642,535.0075485641896,0.10321844024027477
632,253330.64,252492.24738703546,254169.03386296454,838.393237964527,0.10851567087781959
633,270102.9,269068.904362859,271136.908137141,1034.0018871410468,0.1443027281876967
634,255545.14,254741.44358372045,256348.83766627955,803.6970412795608,0.15084838466055217
635,210332.28,209881.9860509924,210782.5764490076,450.29519900760215,0.0892412669916637
636,213540.84,212125.45425992398,214956.23324007602,1415.3894900760147,0.1813437148167332
637,318045.56,317039.04414326436,319052.08085673564,1006.5183567356421,0.10642171119220278
638,229744.45,229207.6602882179,230281.2459617821,536.7928367820938,0.08365310673097794
639,182796.52,182082.93689294765,183510.09435705235,713.5787320523647,0.17992911950930432
640,418719.8,417827.8028399493,419611.8221600507,892.0096600506756,0.0726121687137272
641,213833.0,213126.37816722973,214539.62183277027,706.6218327702705,0.16191002475873534
642,143143.3,142454.91622017525,143831.67752982475,688.3806548247463,0.21505385022299964
643,293697.72,293137.3318069046,294258.1056930954,560.3869430954388,0.07120349194293317
644,340655.16,339620.9885847762,341689.3239152238,1034.1676652238168,0.11597543111605227
645,384885.03,383798.7813555743,385971.2811444257,1086.2498944256768,0.09727508945495425
646,181678.34,181216.83103489233,182139.85646510767,461.5127151076857,0.09528534596416134
647,228795.52,228230.6934781461,229360.3377718539,564.8221468538857,0.10283368888222974
648,237559.94,237070.53398173564,238049.34101826436,489.4035182643583,0.07789410248744923
649,142498.61,142004.34593736802,142992.87281263198,494.26343763196803,0.16744643274053753
650,236202.61,235638.1104835304,236767.1082664696,564.4988914695956,0.09023193753221644
651,271381.72,270721.6190350507,272041.8184649493,660.0997149493253,0.08918084619468707
652,254571.67,254065.65281883447,255077.69093116553,506.0190561655405,0.08130555254608511
653,217490.55,217008.07078758447,217973.02296241553,482.4760874155405,0.08965572202882525
654,221521.06,220306.14183910473,222735.98316089527,1214.9206608952707,0.22035336445121567
655,308394.1,307709.0485245988,309079.1389754012,685.0452254011828,0.07769170552981997
656,125718.0,125391.84753747888,126044.15246252112,326.15246252111467,0.09887644331907514
657,229858.72,228757.02380701015,230960.41369298985,1101.694942989865,0.227238994361167
658,215985.14,215369.56532411318,216600.71592588682,615.5753008868247,0.12695707356294705
659,206053.52,205545.52878220016,206561.50246779984,507.9868427998302,0.10741996376375655
660,176531.8,175738.3511270059,177325.2426229941,793.4457479940876,0.14368745915457373
661,250576.86,249724.41660948057,251429.30214051943,852.442765519425,0.11800496403706577
662,300901.53,300075.12562024913,301727.93687975087,826.405629750843,0.11270980720792528
663,205171.19,204412.46140598608,205929.91359401392,758.7260940139362,0.11410494952267412
664,196058.1,195613.8130542652,196502.3744457348,444.2806957347966,0.09325014532624261
665,300600.1,299894.98107580235,301305.20642419765,705.1126741976343,0.09627856708483802
666,254944.02,254027.6968433277,255860.3344066723,916.3187816722977,0.11318934239484986
667,317574.6,317076.7619958826,318072.4255041174,497.8317541173996,0.05635172989040367
668,307306.0,306558.1713471284,308053.8286528716,747.828652871622,0.08361769478620187
669,190573.75,190056.90479175464,191090.59520824536,516.8452082453554,0.1016989508938489
670,232133.69,231499.9474371833,232767.4275628167,633.740062816723,0.09446308896909295
671,228055.78,227117.26933329814,228994.29316670186,938.5119167018577,0.1278513493613178
672,309304.78,308574.21894795186,310035.34355204814,730.5623020481407,0.08660460644688697
673,283809.75,283138.80603357265,284480.69396642735,670.9439664273646,0.08049942011918651
674,314226.1,313419.11668602197,315033.07081397803,806.9770639780401,0.10423798035544043
675,152094.95,151294.64256492822,152895.26368507178,800.3105600717909,0.2564144010682052
676,354510.22,353260.88715025433,355759.55034974567,1249.3315997456398,0.12174699228025741
677,267487.53,266920.5491316512,268054.5133683488,566.9821183488173,0.08629287958062008
678,260939.48,260016.06226245777,261862.90648754223,923.4221125422291,0.11646706180511743
679,352301.72,351615.3882231841,352988.0492768159,686.3305268158778,0.07345721077345267
680,197214.36,196687.07734638936,197741.64140361064,527.282028610642,0.10188261286413848
681,145410.28,144993.1031065245,145827.4593934755,417.1781434755065,0.11289457336070244
682,444804.4,443694.92751862283,445913.88498137717,1109.4787313771799,0.0949000938084835
683,308586.34,307943.8951119088,309228.7923880912,642.4486380912164,0.08646937349066562
684,285329.28,283886.1980178421,286772.3644821579,1443.0832321579392,0.14817901888641863
685,217358.17,216551.9557643581,218164.3879856419,806.2161106418926,0.16924976739306566
686,232294.0,231761.08884739233,232826.91115260767,532.9111526076857,0.10112070950457423
687,322300.28,321477.43604835303,323123.12645164697,822.8452016469589,0.09108539148444378
688,148485.14,147986.5400390625,148983.7412109375,498.6005859375,0.17423385606060465
689,251338.12,250754.16773120777,251922.08226879223,583.9572687922299,0.08532695210083463
690,209154.55,208659.54845861485,209649.54529138515,494.9984163851348,0.09275173360305268
691,305810.38,304979.6434887035,306641.1065112965,830.7315112964527,0.10942519787969
692,239953.62,239172.3564453125,240734.8935546875,781.2685546875008,0.12203653515028752
693,240958.5,239947.67749683277,241969.32250316723,1010.8225031672291,0.15056649893883037
694,292932.53,292226.3580949113,293638.7044050887,706.173155088681,0.07884802902349064
695,191802.16,190793.48046875,192810.83203125,1008.6757812499997,0.18853991777981272
696,293918.44,292698.92392050254,295137.95107949746,1219.5135794974665,0.12896184581750794
697,386486.7,385462.8844884924,387510.4905115076,1023.8030115076019,0.09038454062693009
698,513858.25,510923.9061972128,516792.5938027872,2934.3438027871607,0.17337999877225735
699,306575.1,305783.12651763094,307367.06098236906,791.9672323690871,0.10770485433144515
700,172512.05,172054.93719647382,172969.15655352618,457.109678526183,0.12221578317246808
701,214118.16,213320.92527977197,214915.38722022803,797.2309702280402,0.13395658290885992
702,166158.16,165556.76568438555,166759.54681561445,601.3905656144428,0.14253272321877006
703,125763.836,125392.36448215794,126135.30739284206,371.4714553420607,0.12457407413491645
704,377068.03,376063.40782041807,378072.65467958193,1004.6234295819253,0.09268314005345087
705,299437.38,298598.4416701858,300276.3083298142,838.9333298141885,0.11897269840528374
706,222550.17,222096.86643528295,223003.47731471705,453.3054397170606,0.08239756772395648
707,305133.28,304282.949786212,305983.612713788,850.3314637880077,0.10385339037000779
708,195625.48,194947.982989337,196302.985760663,677.501385663007,0.10974529396017117
709,320794.7,319144.47899070947,322444.89600929053,1650.2085092905413,0.15603265658092952
710,182261.66,181398.42876372466,183124.88373627534,863.2274862753377,0.2026743320042472
711,256357.58,255122.41689980996,257592.73935019004,1235.1612251900337,0.217177139119676
712,231943.17,231317.52835990288,232568.81539009712,625.643515097128,0.10560226279862818
713,371283.47,369779.9036634291,372787.0338365709,1503.5650865709456,0.18020799205072277
714,192878.34,192411.28238492398,193345.40511507602,467.06136507601303,0.08625293279392388
715,231696.17,231054.3928420608,232337.9509079392,641.7790329391889,0.14781906092319794
716,212666.33,212005.4511982686,213327.2050517314,660.876926731419,0.11946696062349112
717,221716.38,220663.9055373733,222768.8444626267,1052.4694626266896,0.2295380713520992
718,246239.11,245499.45462943413,246978.76412056587,739.6547455658797,0.10409285425164592
719,202845.73,202134.74030035894,203556.72844964106,710.9940746410477,0.14433273776675062
720,276808.38,276088.79443359375,277527.95556640625,719.5805664062508,0.10705778541737378
721,286832.12,285919.1150760135,287745.1349239865,913.0099239864859,0.11660835912517256
722,335581.53,334052.97554634715,337110.08695365285,1528.5557036528714,0.2001625610576246
723,261788.36,260703.6410604941,262873.07768950594,1084.7183145059118,0.12593451881928736
724,267514.25,266700.18380489864,268328.31619510136,814.0661951013524,0.1272223757244146
725,234750.45,234136.27425570102,235364.63199429898,614.1788692989865,0.10480938613410005
726,415120.53,414357.369708087,415883.692791913,763.161541913006,0.0712555870018193
727,173362.36,173000.2786040435,173724.4401459565,362.0807709565034,0.08398085877280248
728,208876.83,208140.08670291386,209613.56954708614,736.7414220861486,0.1311724126535232
729,356432.72,355135.7354967272,357729.7020032728,1296.983253272803,0.11583839601963165
730,279117.12,278428.6303974873,279805.6196025127,688.4946025126699,0.10169669924731378
731,323414.3,322618.6110905828,324210.0139094172,795.701409417228,0.08645449695031232
732,288177.78,286686.2237974655,289669.3387025345,1491.55745253452,0.1725207493920973
733,654944.56,654105.5479424056,655783.5770575944,839.0145575944764,0.05721186559596244
734,218188.66,217392.74518976983,218984.56731023017,795.9110602301522,0.18278997242066855
735,209157.02,208596.93269636825,209717.09855363175,560.0829286317572,0.1161894032939024
736,200445.31,199807.50121410473,201083.12378589527,637.8112858952703,0.14273295615346873
737,224144.4,223355.06017736485,224933.75232263515,789.3460726351357,0.12924088923757837
738,300596.6,299796.0256677576,301397.1618322424,800.5680822423992,0.09275918901983175
739,359288.7,358133.9510135135,360443.4239864865,1154.7364864864876,0.10374723196082068
740,262131.73,261242.3198770059,263021.14887299406,889.4144979940875,0.10896464077532352
741,281602.88,280799.3508762669,282406.3991237331,803.5241237331081,0.09217017339565989
742,302102.12,301628.74187077704,302575.50812922296,473.3831292229732,0.058348006771222496
743,151488.69,151017.1873482369,151960.1876517631,471.5001517630912,0.1378310563121778
744,272196.78,271511.4025021115,272882.1599978885,685.3787478885139,0.08426227462390012
745,276013.88,275230.5847563872,276797.1652436128,783.2902436127536,0.11787741559444533
746,245149.02,244586.09827649916,245711.93297350084,562.9173485008441,0.08391300754161446
747,297345.8,296871.9991422086,297819.6258577914,473.8133577913856,0.06253870159452606
748,205906.78,205405.0492636191,206408.5132363809,501.7319863809137,0.08448535237061185
749,195465.9,194728.4330196896,196203.3794803104,737.4732303103883,0.21573435412882783
750,196250.25,195541.19382786108,196959.30617213892,709.056172138936,0.14525404834102526
751,162523.48,161894.96997730152,163151.99877269848,628.5143976984804,0.1597026082101275
752,192295.05,191789.5961254223,192800.4976245777,505.4507495777022,0.1052133555407603
753,306196.12,305396.436681799,306995.813318201,799.6883182010137,0.10645612322668199
754,283334.06,282423.3571843328,284244.7678156672,910.7053156672296,0.15990771463876002
755,384790.97,383961.016443201,385620.921056799,829.952306798987,0.07873421059960484
756,597260.9,595534.5072582348,598987.2427417652,1726.3677417652027,0.09375973421957882
757,243408.33,242822.15559016046,243994.50065983954,586.1725348395271,0.08643179258986425
758,196445.94,195921.35344964106,196970.52155035894,524.5840503589525,0.10635166093088916
759,261985.53,261346.2723289696,262624.7901710304,639.258921030405,0.0990751663457553
760,278836.97,277625.7880199535,280048.1494800465,1211.1807300464525,0.14646747832207954
761,300126.75,299157.4235377956,301096.0764622044,969.3264622043907,0.10180098486006801
762,164675.4,164245.6339276288,165105.1785723712,429.77232237119983,0.10333267763709512
763,234551.23,234172.45435230152,234930.01439769848,378.78002269847985,0.061102866806046506
764,141947.0,141570.58273727828,142323.41726272172,376.41726272170547,0.10277465045123378
765,335038.56,334146.0118903083,335931.1131096917,892.5506096917209,0.10511185212802833
766,239156.36,238613.92855257602,239698.79019742398,542.4308224239869,0.07878243073275189
767,241566.86,240878.68648384712,242255.03226615288,688.1728911528728,0.1394701322674748
768,445339.28,443919.559728674,446759.002771326,1419.7215213260142,0.0970723434471975
769,507289.78,506214.929869186,508364.632630814,1074.8513808139542,0.08526974637192127
770,207694.25,206751.19539168075,208637.30460831925,943.0546083192557,0.23347281980752294
771,260745.67,260095.87049329604,261395.47325670396,649.8013817039694,0.0976663272505776
772,150549.31,150187.90138698267,150910.72361301733,361.4111130173145,0.09213881973642182
773,212212.88,211561.60040778082,212864.14959221918,651.2745922191724,0.12122038031133064
774,200551.19,200159.33459802577,200943.04040197423,391.85290197423944,0.07097384971261646
775,319015.56,318401.8532780828,319629.2717219172,613.7092219172301,0.0740185320080451
776,178127.45,177592.7020164696,178662.2042335304,534.7511085304058,0.1146164718249124
777,170817.6,170489.36602618243,171145.82147381757,328.2277238175674,0.07480135301991112
778,216505.38,216108.93113914697,216901.81886085303,396.44386085303995,0.07081914748432844
779,248795.52,248215.39053922085,249375.64071077915,580.1250857791388,0.10834167265109451
780,235688.12,235077.02178130278,236299.22821869722,611.1032186972118,0.11301335712325371
781,180602.2,180078.3648318729,181126.0414181271,523.8382931271113,0.1407167184475757
782,214067.16,213354.45918232686,214779.85331767314,712.6970676731421,0.20846984314269934
783,262012.02,261491.78367820947,262532.24757179053,520.2319467905403,0.07578926563497732
784,242900.17,242258.74815244932,243541.59559755068,641.4237225506754,0.09272629346503217
785,250354.05,249510.59367081925,251197.50007918075,843.4532041807432,0.1067426729574622
786,134702.61,134110.808610246,135294.410139754,591.800764754012,0.2571422082324891
787,359031.38,358178.3223711993,359884.4276288007,853.0526288006766,0.08232843584759554
788,615234.56,613592.6647223395,616876.4602776605,1641.897777660473,0.09310986758356701
789,142938.72,142549.36597339527,143328.07152660473,389.3527766047293,0.10050973094455508
790,281473.8,280792.679120038,282154.945879962,681.133379961994,0.09233292396553744
791,277671.8,276564.11268739443,278779.51231260557,1107.699812605575,0.12644050126266515
792,267883.38,267356.06189294765,268410.68810705235,527.3131070523658,0.08966760609953824
793,177310.73,176743.78093327704,177877.68781672296,566.9534417229731,0.11368595137760405
794,126103.85,125658.25033651816,126549.45278848184,445.6012259818417,0.13453069444401983
795,163421.78,163022.0678183066,163821.4946816934,399.7134316934122,0.09237732971512319
796,259734.3,259025.2564400338,260443.3373099662,709.0404349662159,0.09270492998280458
797,183346.42,182878.7105415963,183814.1332084037,467.7113334037164,0.08995006822564157
798,267589.9,266855.26001636405,268324.55248363595,734.6462336359788,0.1363598989772373
799,330999.62,329917.9864600929,332081.2635399071,1081.6385399070946,0.1116731511547091
800,197524.25,196773.73752903295,198274.76247096705,750.5124709670605,0.17997044257921496
801,195125.72,194581.8024770376,195669.6350229624,543.916272962415,0.09441719807040765
802,240808.33,240068.86153927364,241547.79471072636,739.4665857263519,0.10470611795385276
803,224630.36,224032.02058699325,225228.69816300675,598.3387880067563,0.11340175262184195
804,175672.95,175038.61507601352,176307.29117398648,634.3380489864865,0.11870753320991906
805,217006.8,216502.63289168075,217510.96085831925,504.16398331925626,0.0961258907024033
806,238808.97,238129.0832981419,239488.8542018581,679.885451858108,0.09095526055291667
807,346554.88,345277.13509554474,347832.61490445526,1277.739904455236,0.12640765632890774
808,266352.38,265598.72732131544,267106.02267868456,753.6476786845434,0.10034981889399316
809,364107.62,363235.26664115285,364979.98335884715,872.3583588471294,0.0988529450693689
810,235044.52,234480.56641944678,235608.46483055322,563.9492055532104,0.09690457403594
811,161867.69,161498.37312605575,162237.00187394425,369.3143739442571,0.08861701895856196
812,228357.52,227596.05207453546,229118.97917546454,761.4635504645266,0.15943244723544595
813,212030.67,211394.5856603674,212666.7580896326,636.086214632602,0.10783929922757834
814,309752.97,309138.76950485643,310367.16799514357,614.1992451435805,0.07550190929917476
815,237104.05,236625.97592905405,237582.11782094595,478.0709459459455,0.07661296827831367
816,207604.73,206556.6841348184,208652.7846151816,1048.0502401815882,0.25306979089366294
817,702931.94,700489.2791121199,705374.5958878801,2442.6583878800675,0.11990869691062973
818,214440.72,213904.14339632602,214977.29410367398,536.5753536739861,0.08532409135320672
819,247099.81,246311.2265625,247888.3984375,788.585937499999,0.13775904476194012
820,375877.78,373998.76157358533,377756.80092641467,1879.0196764146945,0.14845115448354038
821,260191.2,259541.66606841216,260840.74018158784,649.5370565878383,0.09311562970282722
822,279500.94,278811.44361011405,280190.43138988595,689.4938898859791,0.10468728498538098
823,232482.56,232038.02278425888,232927.10221574112,444.53971574113234,0.07863335416266738
824,250101.05,249311.79655167862,250890.29719832138,789.2503233213695,0.11127119486965692
825,192901.16,192412.86614495356,193389.44635504644,488.290105046452,0.09763230089996243
826,327762.3,327045.9488096495,328478.6761903505,716.3636903505071,0.08371861135793872
827,478236.56,475401.6696579392,481071.4553420608,2834.892842060811,0.1738550870524335
828,217846.03,216999.52012510557,218692.54237489443,846.5111248944256,0.22571803322247894
829,212078.55,211590.65172350084,212566.44202649916,487.895151499156,0.09365032540122635
830,221366.19,220683.23250765415,222049.14249234585,682.9549923458609,0.1108946126843189
831,426629.9,425561.0726615287,427698.7398384713,1068.8335884712844,0.08847593869723534
832,241044.03,240462.9793602196,241625.0831397804,581.0518897804054,0.08827577183376446
833,205380.89,204963.90723975928,205797.87401024072,416.98338524070914,0.08354211238353286
834,216689.98,216226.88136085303,217153.08738914697,463.10301414696005,0.08234514687984543
835,213092.8,212581.14222841006,213604.45152158994,511.65464658994983,0.10326253783867881
836,217075.94,216269.79231550888,217882.08268449112,806.145184491132,0.16225862543580594
837,174542.89,173760.1099556588,175325.6712943412,782.780669341216,0.20784527779253947
838,299452.12,298763.31528452283,300140.93471547717,688.8097154771953,0.08085961407516844
839,158805.19,158208.51994694892,159401.85505305108,596.6675530510973,0.2093411446902967
840,263168.25,262221.66254486906,264114.83745513094,946.5874551309117,0.18617137109441134
841,114107.35,113530.36645507812,114684.33666992188,576.9851074218752,0.20661053366453971
842,624499.1,620901.8407147381,628096.4092852619,3597.284285261826,0.16982486451379197
843,335219.03,334223.8417440878,336214.2207559122,995.1895059121638,0.10343823572625639
844,152709.5,152247.80548590582,153171.19451409418,461.6945140941724,0.13581754219371783
845,185512.55,184903.84033203125,186121.25341796875,608.7065429687492,0.12041617864456149
846,345155.84,344276.93569203967,346034.75180796033,878.9080579603033,0.09987919727414143
847,254938.86,254358.3575538429,255519.3611961571,580.5018211570954,0.0899896827160729
848,248841.22,247991.15990551098,249691.27759448902,850.0588444890199,0.11959551321471779
849,293916.88,293237.889239337,294595.860760663,678.9857606630065,0.07948161236304292
850,231579.52,230794.9428051098,232364.0884448902,784.572819890202,0.12801125561158289
851,216727.5,216070.79823426943,217384.20176573057,656.7017657305736,0.13239630917967377
852,171863.11,171294.6046373522,172431.6141126478,568.5047376478037,0.15844144595276285
853,331711.28,330812.5969568201,332609.9655431799,898.6842931798976,0.09433546726628525
854,239882.77,239034.84130859375,240730.68994140625,847.9243164062516,0.1515875236934712
855,207870.06,207227.24056429477,208512.88443570523,642.8219357052362,0.09983785229150624
856,257678.05,257151.30843538852,258204.78531461148,526.7384396114866,0.07398366410910993
857,271278.16,270102.8404771959,272453.4720228041,1175.3157728040555,0.13451024405941486
858,188397.38,187961.18446473818,188833.56553526182,436.19053526182404,0.08445505842716262
859,260733.33,259615.61838840795,261851.03786159205,1117.7097365920613,0.1395613653170141
860,226962.06,226418.16488070102,227505.96011929898,543.8976192989866,0.08083420722778521
861,144091.86,143728.03469436234,144455.68405563766,363.8246806376686,0.09766456342161602
862,319312.38,318639.85739548143,319984.89260451857,672.5176045185805,0.0849415901444548
863,321912.4,321092.9765511446,322731.8359488554,819.4296988553767,0.10408179645929216
864,164537.53,164195.7659021326,164879.2965978674,341.76534786739893,0.07933945188446247
865,286549.78,285661.05782833614,287438.50467166386,888.7234216638522,0.11176877594464836
866,250970.3,250448.33895956504,251492.25479043496,521.9579154349661,0.07451729893394483
867,201843.72,201452.97883641443,202234.45866358557,390.73991358557413,0.08653094138854345
868,334826.78,333687.05041173985,335966.51208826015,1139.7308382601343,0.11280343862098596
869,218391.94,217611.38380225928,219172.49119774072,780.5536977407094,0.1577658640754828
870,260239.06,259582.39992873734,260895.72507126266,656.6625712626683,0.09712121694207326
871,247606.94,246798.89150918496,248414.98349081504,808.0459908150342,0.11222106467135881
872,270189.78,269602.3883683488,270777.1741316512,587.3928816511827,0.08030979450217095
873,142588.1,142143.2342298353,143032.9532701647,444.85952016469616,0.12470545789944434
874,190338.52,189720.01374445733,190957.01750554267,618.501880542652,0.12888002869621606
875,190904.16,190505.8842179582,191302.4282820418,398.27203204180745,0.09598739706322264
876,196581.16,192483.5550059443,200678.7574940557,4097.601244055708,0.33894081752255845
877,237657.94,236935.85456285978,238380.02043714022,722.0829371402142,0.12815264329274956
878,278871.94,277847.50134607265,279896.37365392735,1024.4361539273661,0.11172131662123953
879,153790.64,153444.66916305953,154136.61208694047,345.97146194045627,0.08598072151175785
880,282306.8,281579.5217747044,283034.1032252956,727.290725295606,0.08615646931827166
881,168044.28,167390.0806587838,168698.4818412162,654.2005912162169,0.18880120047735824
882,228407.3,227962.85371357686,228851.74003642314,444.4431614231421,0.07222536588610842
883,184602.33,183957.2996595228,185247.3565904772,645.0284654771956,0.14742683873669793
884,231247.45,230756.7505806588,231738.1556693412,490.7025443412162,0.0779123689748338
885,206471.75,205729.28160631334,207214.21839368666,742.468393686656,0.13002272959527597
886,244141.75,243553.32511613175,244730.17488386825,588.4248838682436,0.09087626595954973
887,252499.36,251944.5473104941,253054.1714395059,554.8120645059125,0.07966705884548436
888,288687.6,287481.017644109,289894.169855891,1206.5761058910487,0.13555026294224964
889,157721.44,157418.72272223394,158024.15227776606,302.7147777660477,0.0806204047627929
890,228624.67,227891.93379170186,229357.40995829814,732.7380832981414,0.12026503361975736
891,276293.94,275545.67001425254,277042.20498574746,748.2674857474658,0.1044864995357052
892,272254.75,271631.9870143581,272877.5129856419,622.7629856418913,0.08775735578210576
893,230030.34,229595.8540566934,230464.8334433066,434.48969330658707,0.07125309070813528
894,275544.06,274576.3478410051,276511.7771589949,967.7146589949316,0.10682242977148663
895,344082.2,342970.6369562922,345193.7380437078,1111.5505437077695,0.10770506564603642
896,267053.12,266462.36526076857,267643.88473923143,590.7597392314183,0.08060967095453538
897,135312.23,134805.64472920186,135818.82402079814,506.5896457981422,0.158996079792671
898,238229.3,237469.66003088048,238988.93371911952,759.63684411951,0.15556528465195615
899,193021.31,192277.00182775548,193765.62317224452,744.3106722445109,0.21672047398088476
900,241417.53,240782.29230891046,242052.77019108954,635.2389410895273,0.09734853826294203
901,250815.02,250132.86547191723,251497.16577808277,682.15015308277,0.08946371756037508
902,202738.7,201256.79224292652,204220.61400707348,1481.91088207348,0.36999866954953586
903,333696.0,330660.3511665963,336731.6488334037,3035.648833403717,0.24951962634076102
904,220504.84,220032.5301282728,220977.1573717272,472.31362172719577,0.08592132129615845
905,270196.75,269273.6174778294,271119.8825221706,923.1325221706079,0.14722514741555334
906,366564.34,365586.013104413,367542.674395587,978.3306455869924,0.09646874086405409
907,251407.83,250781.03832347973,252034.61792652027,626.7898015202713,0.09613614650929651
908,150937.14,150435.78674646327,151438.49450353673,501.35387853673956,0.13504913661869775
909,218136.98,210139.0467688519,226134.9219811481,7997.937606148098,0.5233770346555728
910,231879.84,231202.3743005701,232557.3131994299,677.4694494298984,0.12852216944904232
911,353064.75,352392.5792731208,353736.9207268792,672.1707268792237,0.06855858227702467
912,231607.78,230935.05702333193,232280.50547666807,672.7242266680748,0.11583009696444688
913,284278.06,283098.9170581715,285457.2079418285,1179.1454418285475,0.12631104385260675
914,344297.6,343189.5460172086,345405.6414827914,1108.0477327913845,0.13541449641982553
915,238380.42,237495.38215266046,239265.46159733954,885.0397223395283,0.13022368944385412
916,206630.53,205938.8302496833,207322.2322503167,691.7010003167233,0.12057186021882409
917,239871.25,239345.14907094595,240397.35092905405,526.1009290540537,0.08546456397318436
918,199966.97,199448.55897645693,200485.37852354307,518.4097735430738,0.11575450009305889
919,207526.94,207007.59113043707,208046.28386956293,519.3463695629222,0.09746993543594798
920,223662.72,223153.5306693412,224171.9068306588,509.1880806587844,0.07906280568526625
921,322454.94,321315.35975770693,323594.51524229307,1139.577742293075,0.1564691286615722
922,265464.84,264716.7019108953,266212.9855891047,748.1418391047288,0.10050913368834781
923,207562.27,206844.4340292441,208280.0972207559,717.831595755912,0.13037041059300233
924,182646.25,182009.70893818623,183282.79106181377,636.5410618137666,0.16149012543567384
925,252239.84,251321.2875184755,253158.3999815245,918.5562315244932,0.12498647104611886
926,271797.94,270924.0499894426,272671.8250105574,873.8875105574323,0.12277779271150258
927,239250.16,238699.51475401182,239800.79774598818,550.6414959881755,0.0898805065685948
928,283346.25,282588.93677417655,284103.56322582345,757.3132258234804,0.09570687102650587
929,233283.58,232757.8763988598,233809.2798511402,525.7017261402029,0.09291353182920611
930,256361.47,255617.59158572636,257105.34591427364,743.877164273649,0.10294491886855417
931,159425.47,158512.84588481105,160338.09161518895,912.622865188953,0.19357065480613325
932,275159.25,274442.2434675887,275876.2565324113,717.0065324113175,0.09759764413602394
933,273516.75,272720.3545977618,274313.1454022382,796.3954022381764,0.13866995255210313
934,246703.08,246194.00946209882,247212.14678790118,509.06866290118285,0.0722304558596267
935,221648.56,221249.06042150548,222048.06457849452,399.50207849451056,0.06935545865066854
936,255314.08,254654.99808646538,255973.15816353462,659.0800385346283,0.10231642585793317
937,274115.53,273463.29287637246,274767.76962362754,652.2383736275344,0.08431776774621969
938,322564.2,321634.98871674406,323493.38628325594,929.1987832559101,0.09769680152605749
939,241482.98,240698.00853832348,242267.96021167652,784.9758366765203,0.14216567248825712
940,258503.81,257671.4480706292,259336.1769293708,832.364429370777,0.1094499318102261
941,194442.06,193867.16541517104,195016.95958482896,574.8970848289691,0.11104270882301798
942,227581.5,226907.9875818201,228255.0124181799,673.5124181798983,0.09939992228918182
943,255325.19,254641.82486539273,256008.55013460727,683.3626346072635,0.09616398198969996
944,254632.14,253768.5842483108,255495.6970016892,863.5563766891898,0.1221079906888312
945,174292.84,173832.29430162584,174753.39319837416,460.5494483741552,0.11372657642176165
946,164500.67,164185.98638751055,164815.35736248945,314.68548748944283,0.07801898900103973
947,277240.2,276062.5100295608,278417.8649704392,1177.6774704391896,0.16617954632298326
948,316258.44,315136.76236600656,317380.11263399344,1121.6751339934606,0.1265119115621974
949,195653.72,195214.41090846705,196093.02659153295,439.3078415329395,0.08383062775793451
950,207393.84,206920.5728198902,207867.1146801098,473.2709301097971,0.07528074663807824
951,284264.84,283440.0852512669,285089.6022487331,824.7584987331071,0.09590609107505405
952,251923.23,250945.70348131334,252900.76526868666,977.5308936866548,0.16039737390075173
953,210844.08,210285.01596811655,211403.14028188345,559.0621568834462,0.11814384556914052
954,248021.03,247181.24366554053,248860.81883445947,839.7875844594606,0.13155191327295154
955,188002.84,187627.82355891046,188377.86394108954,375.0201910895275,0.07729126656528813
956,138345.48,137623.8797508446,139067.0889991554,721.6046241554054,0.285952393169364
957,274416.66,273428.8663429054,275404.4461570946,987.789907094595,0.13401477783125587
958,155934.92,155450.42866474873,156419.41508525127,484.4932102512667,0.12486759239347567
959,262159.38,261618.67212573902,262700.07787426095,540.7028742609789,0.0816586837651548
960,253070.77,252391.5255093961,253750.0057406039,679.2401156038852,0.09398856420458548
961,248478.78,247985.37613492398,248972.18636507602,493.40511507601315,0.0825834715771818
962,235211.6,234683.34232474663,235739.84517525337,528.2514252533782,0.081490415367917
963,393532.9,392522.8694837416,394542.9430162584,1010.0367662584459,0.10402477107696141
964,336617.66,335747.77318676095,337487.53931323905,869.8830632390207,0.0982282587521035
965,296319.6,295569.1285631334,297070.0589368666,750.4651868665536,0.10569535862182333
966,183513.0,183038.63954946157,183987.36045053843,474.3604505384288,0.10171335612657746
967,305718.6,304700.2954365498,306736.8920634502,1018.2983134501699,0.13641869429679496
968,261556.66,260914.99200274493,262198.3204972551,641.6642472550686,0.09167928338537962
969,140807.36,140424.42138012036,141190.29736987964,382.9379948796455,0.09488675907489437
970,123078.51,122452.87157213366,123704.14405286634,625.6362403663431,0.28037069418117666
971,293373.75,292439.3057168497,294308.1942831503,934.4442831503378,0.10239825112637155
972,142607.47,141989.6255575644,143225.3119424356,617.8431924355998,0.22590917136522065
973,255695.28,254864.98024440455,256525.58225559545,830.3010055954377,0.11850074378379852
974,414694.16,413476.2727248733,415912.0397751267,1217.8835251266892,0.09899730670578184
975,280424.8,279811.9025153083,281037.7224846917,612.9099846917208,0.08847651256176325
976,266052.22,265434.9931772593,266669.4443227407,617.225572740709,0.09923875123114549
977,169708.73,169100.231854413,170317.236895587,608.5025205869929,0.13210357696020883
978,276098.3,275376.3263962204,276820.2986037796,721.9861037795612,0.10917273502653776
979,226584.08,225887.2438634924,227280.9123865076,696.8342615076023,0.1027437855011207
980,252264.17,251409.2495777027,253119.0941722973,854.9222972972972,0.14426445759773454
981,274514.72,274011.84034522803,275017.59715477197,502.87840477196045,0.07789756419344455
982,296890.03,296083.4953415329,297696.5671584671,806.5359084670617,0.09371625957913157
983,336990.6,335877.8596785262,338103.3278214738,1112.7340714738173,0.15263784148687767
984,229482.83,228690.79138513515,230274.86486486485,792.0367398648663,0.12822870902816982
985,296702.62,295754.8799355997,297650.3700644003,947.7450644003364,0.10815574272322198
986,193129.67,192536.2377335832,193723.1060164168,593.434141416808,0.1262042972070431
987,245545.75,244669.1958931588,246422.3041068412,876.5541068412168,0.1550449927128904
988,175798.03,175030.56969884923,176565.49280115077,767.46155115076,0.15145766679124245
989,192062.2,191575.5939017631,192548.8123482369,486.6092232369083,0.08969535259137983
990,249239.16,248790.4331582559,249687.8793417441,448.72309174408764,0.07467598783440713
991,226366.75,225380.83692725928,227352.66307274072,985.9130727407097,0.1693172196627953
992,209523.89,208838.4172495249,210209.3640004751,685.4733754750844,0.15001504603808244
993,266434.88,265447.48148490285,267422.26851509715,987.3935150971272,0.12954476520903516
994,167811.53,167008.44911317568,168614.61338682432,803.0821368243244,0.16067048492568717
995,317302.38,316389.4001134924,318215.3498865076,912.9748865076003,0.09643884284039507
996,227039.12,225829.0491052576,228249.2008947424,1210.075894742399,0.1617557712292998
997,187703.06,187151.85761982686,188254.26738017314,551.2048801731416,0.11641516998988047
998,166955.97,166473.15228436445,167438.78521563555,482.81646563555745,0.10677256656821014
999,339191.72,338207.8865471917,340175.5509528083,983.8322028082777,0.11002776280283093
1000,285573.1,284836.87043391046,286309.31706608954,736.2233160895274,0.10747607778509201
1001,200108.23,199429.86047693202,200786.60827306798,678.3738980679897,0.1151738979162771
1002,233143.64,232446.2498812289,233841.0313687711,697.3907437711141,0.09802244301400136
1003,245898.17,244946.02904613598,246850.31470386402,952.1428288640203,0.13790895991075985
1004,198770.1,198268.43181878168,199271.75568121832,501.6619312183274,0.08625241162192576
1005,241649.88,240952.1865234375,242347.5634765625,697.6884765624998,0.11626106426505803
1006,237168.72,236546.55355257602,237790.88394742398,622.1651974239863,0.08883481902310764
1007,262653.1,262074.83374683277,263231.3537531672,578.2600031672293,0.07680942103652201
1008,201366.95,200942.60496727197,201791.30128272803,424.3481577280405,0.07395517967846214
1009,193113.12,192582.68086201436,193643.56913798564,530.4441379856419,0.10960554034685095
1010,321518.22,320475.3526446368,322561.0848553632,1042.8661053631754,0.10276898388282815
1011,296595.5,295404.37720386405,297786.62279613595,1191.12279613598,0.17883464640435598
1012,232349.64,231444.58221600507,233254.69903399493,905.0584089949324,0.1667954395041427
1013,152817.9,152162.549111856,153473.263388144,655.3571381440033,0.21189102543375124
1014,397347.5,395630.4420924831,399064.5579075169,1717.0579075168905,0.2335137397687237
1015,233651.66,233223.5922191723,234079.7202808277,428.0640308277028,0.07084966699118157
1016,196429.31,195902.73470491977,196955.89029508023,526.5777950802369,0.08923085776248128
1017,254427.78,253523.75533150337,255331.80716849663,904.0259184966218,0.14679205114270624
1018,394417.94,393596.79296875,395239.08203125,821.1445312500003,0.07137630840413649
1019,310665.53,309550.8049778294,311780.2575221706,1114.7262721706081,0.13191792847007652
1020,323408.53,322506.69458667655,324310.36791332345,901.8366633234788,0.1039532623348713
1021,312372.16,311084.9059860642,313659.4065139358,1287.2502639358117,0.13602970689960023
1022,273565.12,272964.6889912373,274165.5610087627,600.436008762669,0.09625410472992972
1023,223378.2,222779.63822318413,223976.76802681587,598.5649018158779,0.11159367499423396
1024,228361.25,227944.9910393792,228777.5089606208,416.25896062077743,0.07252585280057934
1025,266895.44,266255.69516733533,267535.17983266467,639.7423326646949,0.08813003163617673
1026,347400.44,346673.1166332348,348127.7583667652,727.3208667652024,0.08466695756368346
1027,489143.7,487276.4475559544,491010.9274440456,1867.2399440456093,0.14819000252096198
1028,181855.88,181268.42706793707,182443.32293206293,587.4479320629218,0.11637396637587284
1029,201365.5,200651.54388592695,202079.45611407305,713.9561140730578,0.1929770788508819
1030,133708.6,133359.73755872573,134057.44994127427,348.8561912742825,0.10112915731069608
1031,183559.23,183146.80825723184,183971.66049276816,412.42611776815886,0.09232279660138075
1032,340958.88,339888.9799144848,342028.7700855152,1069.8950855152025,0.15366176455840894
1033,496216.9,495196.86404666386,497236.94845333614,1020.0422033361486,0.07703165622003642
1034,228750.23,228079.7980033256,229420.6707466744,670.4363716744098,0.13098939939910345
1035,183842.03,183365.70081556166,184318.36168443834,476.3304344383447,0.12263971336067828
1036,196168.06,195700.0630806588,196636.0619193412,467.999419341216,0.10114856978390852
1037,242995.12,242304.3798828125,243685.8701171875,690.7451171874994,0.11680197650299663
1038,232075.0,231207.90089210303,232942.09910789697,867.0991078969595,0.14937749817388496
1039,318442.97,317515.7160842483,319370.2214157517,927.2526657516888,0.11963274840761307
1040,305416.62,304723.8321500211,306109.4178499789,692.7928499788857,0.07638609270025276
1041,240800.4,240344.20363967484,241256.60886032516,456.2026103251685,0.0746168213086775
1042,161626.03,161080.40041042017,162171.66208957983,545.6308395798143,0.13996421429672518
1043,301086.75,300451.7910288218,301721.7089711782,634.95897117821,0.08005410388970313
1044,231604.84,230818.3999947213,232391.2875052787,786.4437552787161,0.13546244260863996
1045,320155.6,318643.7970850745,321667.3904149255,1511.7966649255095,0.1683095339141915
1046,342272.0,341635.77284364443,342908.22715635557,636.2271563555739,0.07418599103726814
1047,181592.61,181170.0212072424,182015.1975427576,422.5881677576015,0.08386422965000695
1048,261952.14,261175.86470650337,262728.4165434966,776.275918496622,0.09563795283748006
1049,154810.48,154342.17320127744,155278.79554872256,468.31117372255017,0.12324167199990746
1050,267390.03,266786.72286739864,267993.33963260136,603.3083826013516,0.08691462826045453
1051,291520.12,290677.34601984796,292362.90398015204,842.778980152027,0.1073716406980801
1052,260247.23,259778.8823770059,260715.5863729941,468.35199799408747,0.07252973818156139
1053,295476.03,294818.2890756968,296133.7734243032,657.74217430321,0.07422773375989485
1054,231380.31,230802.12726984796,231958.49773015204,578.1852301520266,0.09465519365105793
1055,281857.84,281357.65477195947,282358.03272804053,500.18897804054114,0.06858158327244136
1056,173212.53,172592.7736090583,173832.2888909417,619.7576409417227,0.13436541903937602
1057,238461.44,237853.7975612331,239069.0774387669,607.6399387668923,0.10282267438642098
1058,256357.31,255719.76844911318,256994.85655088682,637.5440508868248,0.09811075349293374
1059,310669.1,310136.5729386613,311201.6145613387,532.5208113386813,0.059667599270551756
1060,269833.12,269275.02474398224,270391.22525601776,558.1002560177362,0.08063699133879708
1061,289842.34,289128.7477037584,290555.9397962416,713.5960462415536,0.08245789027373457
1062,236975.81,236491.81714527027,237459.80785472973,483.99535472973054,0.0827538015626486
1063,174244.47,173820.92648727828,174668.01101272172,423.542262721706,0.10415733971577751
1064,346460.34,345795.1541385135,347125.5333614865,665.1896114864865,0.06874975322197051
1065,159892.53,159533.38522751266,160251.67727248734,359.14602248733155,0.08824262640140348
1066,401539.66,399712.55042493663,403366.76207506337,1827.1058250633466,0.18917228036847444
1067,223486.88,223074.65445523648,223899.09554476352,412.22054476351315,0.06622457738347295
1068,180621.48,180114.97385055953,181127.99489944047,506.51052444045627,0.11012571091571952
1069,237813.98,237022.39730257602,238605.57144742398,791.5870724239863,0.1432955604288993
1070,256206.08,255552.8754354941,256859.2808145059,653.2026895059118,0.09015674824469666
1071,221885.06,221326.74346099028,222443.38153900972,558.3190390097136,0.09037025754900978
1072,254536.12,253962.7488518792,255109.5011481208,573.3761481207777,0.08019383680267916
1073,282962.1,281052.99255701015,284871.19494298985,1909.1011929898648,0.20295567000312356
1074,197186.1,196603.93883287584,197768.24866712416,582.1549171241551,0.12868551976176726
1075,371115.22,369369.52954761405,372860.90795238595,1745.6892023859791,0.1509993997500864
1076,144066.27,143534.55427180108,144597.97697819892,531.711353198902,0.13728289066664368
1077,162347.39,162001.70280827704,162693.07844172296,345.6878167229727,0.08061343144369235
1078,256168.25,255140.47480732686,257196.02519267314,1027.775192673143,0.1318712674174974
1079,323069.47,322205.1698031039,323933.7676968961,864.2989468961149,0.11009738611706664
1080,369095.03,368063.9966216216,370126.0658783784,1031.034628378377,0.09158849685723465
1081,235214.42,233959.33582962392,236469.50792037608,1255.0860453760906,0.2007985976697403
1082,248938.34,248344.40143317144,249532.28606682856,593.9423168285474,0.09901981178109281
1083,210676.61,210126.58389199746,211226.63485800254,550.0254830025334,0.10127222917252132
1084,235515.4,234790.9834248311,236239.8290751689,724.4228251689198,0.11471165806664466
1085,252005.31,251332.4818808066,252678.1431191934,672.830619193413,0.10500026374930838
1086,236320.62,235572.46333931587,237068.78666068413,748.1616606841204,0.15483085096828417
1087,233441.78,232875.8067857897,234007.7557142103,565.9744642103046,0.08434757273749505
1088,193423.5,192782.6467483108,194064.3532516892,640.8532516891894,0.13364414808174144
1089,369152.9,368546.4463418497,369759.3661581503,606.4599081503378,0.05671712007947445
1090,234105.27,233504.2466678104,234706.2845821896,601.0189571896121,0.10581279213468481
1091,308336.25,307512.5962573902,309159.9037426098,823.653742609797,0.09203560607102798
1092,441963.1,440991.9054581926,442934.2820418074,971.188291807432,0.07324899449441641
1093,321028.4,320228.59608583193,321828.21641416807,799.8101641680746,0.09883742217503781
1094,195030.67,194559.42823585303,195501.91551414697,471.24363914695965,0.10577918735939133
1095,176455.4,175958.59955658784,176952.21294341216,496.80669341216225,0.10410007791954502
1096,217778.7,217350.75477723818,218206.65147276182,427.94834776182375,0.07135650087477173
1097,439869.34,439138.271064226,440600.416435774,731.0726857739833,0.06539784831331259
1098,193475.58,193015.96602486275,193935.19022513725,459.61210013724633,0.0991552891143794
1099,334602.53,333668.5890602289,335536.4734397711,933.9421897710763,0.10955874536218414
1100,189354.78,188853.4737779772,189856.0887220228,501.30747202280423,0.11002098517382297
1101,357328.47,356548.7710620777,358108.1664379223,779.6976879222977,0.0717388001123178
1102,256124.02,255617.96938344595,256630.06186655405,506.0462415540538,0.07647560335764646
1103,202521.48,201916.71695523648,203126.25179476352,604.7674197635138,0.09966486313624322
1104,206893.0,206296.7221151816,207489.2778848184,596.2778848184121,0.11096434894227665
1105,192555.55,192123.70305901606,192987.39069098394,431.8438159839532,0.08474093010236243
1106,190716.1,190275.4647315773,191156.7227684227,440.62901842271947,0.10086116432885936
1107,225478.83,224636.01514991553,226321.64110008447,842.8129750844593,0.13053760897031774
1108,205023.48,204433.77866342905,205613.19008657095,589.7057115709464,0.10243387914101124
1109,189600.73,188976.1731088999,190225.2956411001,624.5612661000847,0.13346697292251208
1110,173839.56,173515.61196816934,174163.51303183066,323.9505318306594,0.07852758443362104
1111,181694.28,181007.36764938766,182381.19485061234,686.9136006123318,0.15342178483177601
1112,341531.94,340498.53982791386,342565.33517208614,1033.3976720861494,0.12514840460638318
1113,251441.56,250839.9103278083,252043.2146721917,601.6521721917223,0.09315884765984443
1114,774208.44,772058.0438133446,776358.8311866554,2150.3936866554045,0.09153912048813485
1115,260893.97,260333.1336438978,261454.8038561022,560.835106102196,0.07994920939101224
